Owner/Repo,PR Number,Agent,html_url,Issue Type,Severity,Message,File Name,StartLine,EndLine,Rule
Deep-Learning-Profiling-Tools/triton-viz,86,Claude_Code,https://github.com/Deep-Learning-Profiling-Tools/triton-viz/pull/86,SECURITY_HOTSPOT,HIGH,Make sure disabling CSRF protection is safe here.,PR_triton-viz_86:triton_viz/visualizer/interface.py,13,17,csrf
basicmachines-co/basic-memory,241,Claude_Code,https://github.com/basicmachines-co/basic-memory/pull/241,SECURITY_HOTSPOT,LOW,Make sure publicly writable directories are used safely here.,PR_basic-memory_241:tests/api/test_project_router.py,223,223,others
basicmachines-co/basic-memory,241,Claude_Code,https://github.com/basicmachines-co/basic-memory/pull/241,SECURITY_HOTSPOT,LOW,Make sure publicly writable directories are used safely here.,PR_basic-memory_241:tests/api/test_project_router.py,295,295,others
basicmachines-co/basic-memory,241,Claude_Code,https://github.com/basicmachines-co/basic-memory/pull/241,SECURITY_HOTSPOT,LOW,Make sure publicly writable directories are used safely here.,PR_basic-memory_241:tests/api/test_project_router.py,310,310,others
basicmachines-co/basic-memory,241,Claude_Code,https://github.com/basicmachines-co/basic-memory/pull/241,SECURITY_HOTSPOT,LOW,Make sure publicly writable directories are used safely here.,PR_basic-memory_241:tests/api/test_project_router.py,340,340,others
basicmachines-co/basic-memory,241,Claude_Code,https://github.com/basicmachines-co/basic-memory/pull/241,SECURITY_HOTSPOT,LOW,Make sure publicly writable directories are used safely here.,PR_basic-memory_241:tests/api/test_project_router.py,373,373,others
basicmachines-co/basic-memory,241,Claude_Code,https://github.com/basicmachines-co/basic-memory/pull/241,SECURITY_HOTSPOT,LOW,Make sure publicly writable directories are used safely here.,PR_basic-memory_241:tests/api/test_project_router.py,223,223,others
basicmachines-co/basic-memory,241,Claude_Code,https://github.com/basicmachines-co/basic-memory/pull/241,SECURITY_HOTSPOT,LOW,Make sure publicly writable directories are used safely here.,PR_basic-memory_241:tests/api/test_project_router.py,295,295,others
basicmachines-co/basic-memory,241,Claude_Code,https://github.com/basicmachines-co/basic-memory/pull/241,SECURITY_HOTSPOT,LOW,Make sure publicly writable directories are used safely here.,PR_basic-memory_241:tests/api/test_project_router.py,310,310,others
basicmachines-co/basic-memory,241,Claude_Code,https://github.com/basicmachines-co/basic-memory/pull/241,SECURITY_HOTSPOT,LOW,Make sure publicly writable directories are used safely here.,PR_basic-memory_241:tests/api/test_project_router.py,340,340,others
basicmachines-co/basic-memory,241,Claude_Code,https://github.com/basicmachines-co/basic-memory/pull/241,SECURITY_HOTSPOT,LOW,Make sure publicly writable directories are used safely here.,PR_basic-memory_241:tests/api/test_project_router.py,373,373,others
basicmachines-co/basic-memory,241,Claude_Code,https://github.com/basicmachines-co/basic-memory/pull/241,SECURITY_HOTSPOT,LOW,Make sure publicly writable directories are used safely here.,PR_basic-memory_241:tests/api/test_project_router.py,223,223,others
basicmachines-co/basic-memory,241,Claude_Code,https://github.com/basicmachines-co/basic-memory/pull/241,SECURITY_HOTSPOT,LOW,Make sure publicly writable directories are used safely here.,PR_basic-memory_241:tests/api/test_project_router.py,295,295,others
basicmachines-co/basic-memory,241,Claude_Code,https://github.com/basicmachines-co/basic-memory/pull/241,SECURITY_HOTSPOT,LOW,Make sure publicly writable directories are used safely here.,PR_basic-memory_241:tests/api/test_project_router.py,310,310,others
basicmachines-co/basic-memory,241,Claude_Code,https://github.com/basicmachines-co/basic-memory/pull/241,SECURITY_HOTSPOT,LOW,Make sure publicly writable directories are used safely here.,PR_basic-memory_241:tests/api/test_project_router.py,340,340,others
basicmachines-co/basic-memory,241,Claude_Code,https://github.com/basicmachines-co/basic-memory/pull/241,SECURITY_HOTSPOT,LOW,Make sure publicly writable directories are used safely here.,PR_basic-memory_241:tests/api/test_project_router.py,373,373,others
PrefectHQ/prefect,18363,Claude_Code,https://github.com/PrefectHQ/prefect/pull/18363,SECURITY_HOTSPOT,LOW,Make sure publicly writable directories are used safely here.,PR_prefect_18363:src/integrations/prefect-dbt/tests/core/test_settings.py,273,273,others
PrefectHQ/prefect,18363,Claude_Code,https://github.com/PrefectHQ/prefect/pull/18363,SECURITY_HOTSPOT,LOW,Make sure publicly writable directories are used safely here.,PR_prefect_18363:src/integrations/prefect-dbt/tests/core/test_settings.py,273,273,others
PrefectHQ/prefect,18363,Claude_Code,https://github.com/PrefectHQ/prefect/pull/18363,SECURITY_HOTSPOT,LOW,Make sure publicly writable directories are used safely here.,PR_prefect_18363:src/integrations/prefect-dbt/tests/core/test_settings.py,273,273,others
PrefectHQ/prefect,18363,Claude_Code,https://github.com/PrefectHQ/prefect/pull/18363,SECURITY_HOTSPOT,LOW,Make sure publicly writable directories are used safely here.,PR_prefect_18363:src/integrations/prefect-dbt/tests/core/test_settings.py,273,273,others
PrefectHQ/prefect,18363,Claude_Code,https://github.com/PrefectHQ/prefect/pull/18363,SECURITY_HOTSPOT,LOW,Make sure publicly writable directories are used safely here.,PR_prefect_18363:src/integrations/prefect-dbt/tests/core/test_settings.py,273,273,others
PrefectHQ/prefect,18363,Claude_Code,https://github.com/PrefectHQ/prefect/pull/18363,SECURITY_HOTSPOT,LOW,Make sure publicly writable directories are used safely here.,PR_prefect_18363:src/integrations/prefect-dbt/tests/core/test_settings.py,273,273,others
PrefectHQ/prefect,18363,Claude_Code,https://github.com/PrefectHQ/prefect/pull/18363,SECURITY_HOTSPOT,LOW,Make sure publicly writable directories are used safely here.,PR_prefect_18363:src/integrations/prefect-dbt/tests/core/test_settings.py,273,273,others
PrefectHQ/prefect,18363,Claude_Code,https://github.com/PrefectHQ/prefect/pull/18363,SECURITY_HOTSPOT,LOW,Make sure publicly writable directories are used safely here.,PR_prefect_18363:src/integrations/prefect-dbt/tests/core/test_settings.py,273,273,others
PrefectHQ/prefect,18363,Claude_Code,https://github.com/PrefectHQ/prefect/pull/18363,SECURITY_HOTSPOT,LOW,Make sure publicly writable directories are used safely here.,PR_prefect_18363:src/integrations/prefect-dbt/tests/core/test_settings.py,273,273,others
PrefectHQ/prefect,18363,Claude_Code,https://github.com/PrefectHQ/prefect/pull/18363,SECURITY_HOTSPOT,LOW,Make sure publicly writable directories are used safely here.,PR_prefect_18363:src/integrations/prefect-dbt/tests/core/test_settings.py,273,273,others
PrefectHQ/prefect,18363,Claude_Code,https://github.com/PrefectHQ/prefect/pull/18363,SECURITY_HOTSPOT,LOW,Make sure publicly writable directories are used safely here.,PR_prefect_18363:src/integrations/prefect-dbt/tests/core/test_settings.py,273,273,others
PrefectHQ/prefect,18363,Claude_Code,https://github.com/PrefectHQ/prefect/pull/18363,SECURITY_HOTSPOT,LOW,Make sure publicly writable directories are used safely here.,PR_prefect_18363:src/integrations/prefect-dbt/tests/core/test_settings.py,273,273,others
PrefectHQ/prefect,18363,Claude_Code,https://github.com/PrefectHQ/prefect/pull/18363,SECURITY_HOTSPOT,LOW,Make sure publicly writable directories are used safely here.,PR_prefect_18363:src/integrations/prefect-dbt/tests/core/test_settings.py,273,273,others
PrefectHQ/prefect,18363,Claude_Code,https://github.com/PrefectHQ/prefect/pull/18363,SECURITY_HOTSPOT,LOW,Make sure publicly writable directories are used safely here.,PR_prefect_18363:src/integrations/prefect-dbt/tests/core/test_settings.py,273,273,others
PrefectHQ/prefect,18363,Claude_Code,https://github.com/PrefectHQ/prefect/pull/18363,SECURITY_HOTSPOT,LOW,Make sure publicly writable directories are used safely here.,PR_prefect_18363:src/integrations/prefect-dbt/tests/core/test_settings.py,273,273,others
PrefectHQ/prefect,18363,Claude_Code,https://github.com/PrefectHQ/prefect/pull/18363,SECURITY_HOTSPOT,LOW,Make sure publicly writable directories are used safely here.,PR_prefect_18363:src/integrations/prefect-dbt/tests/core/test_settings.py,273,273,others
Ljzd-PRO/KToolBox,278,Copilot,https://github.com/Ljzd-PRO/KToolBox/pull/278,SECURITY_HOTSPOT,LOW,Using http protocol is insecure. Use https instead,PR_KToolBox_278:ktoolbox/action/job.py,121,121,encrypt-data
Ljzd-PRO/KToolBox,278,Copilot,https://github.com/Ljzd-PRO/KToolBox/pull/278,SECURITY_HOTSPOT,LOW,Using http protocol is insecure. Use https instead,PR_KToolBox_278:ktoolbox/action/job.py,121,121,encrypt-data
gradio-app/gradio,11601,Copilot,https://github.com/gradio-app/gradio/pull/11601,SECURITY_HOTSPOT,LOW,Using http protocol is insecure. Use https instead,PR_gradio_11601:test/test_external_utils.py,122,122,encrypt-data
gradio-app/gradio,11601,Copilot,https://github.com/gradio-app/gradio/pull/11601,SECURITY_HOTSPOT,LOW,Using http protocol is insecure. Use https instead,PR_gradio_11601:test/test_external_utils.py,144,144,encrypt-data
gradio-app/gradio,11601,Copilot,https://github.com/gradio-app/gradio/pull/11601,SECURITY_HOTSPOT,LOW,Using http protocol is insecure. Use https instead,PR_gradio_11601:test/test_external_utils.py,122,122,encrypt-data
gradio-app/gradio,11601,Copilot,https://github.com/gradio-app/gradio/pull/11601,SECURITY_HOTSPOT,LOW,Using http protocol is insecure. Use https instead,PR_gradio_11601:test/test_external_utils.py,144,144,encrypt-data
gradio-app/gradio,11601,Copilot,https://github.com/gradio-app/gradio/pull/11601,SECURITY_HOTSPOT,LOW,Using http protocol is insecure. Use https instead,PR_gradio_11601:test/test_external_utils.py,122,122,encrypt-data
gradio-app/gradio,11601,Copilot,https://github.com/gradio-app/gradio/pull/11601,SECURITY_HOTSPOT,LOW,Using http protocol is insecure. Use https instead,PR_gradio_11601:test/test_external_utils.py,144,144,encrypt-data
MontrealAI/AGI-Alpha-Agent-v0,9,OpenAI_Codex,https://github.com/MontrealAI/AGI-Alpha-Agent-v0/pull/9,SECURITY_HOTSPOT,HIGH,Make sure disabling CSRF protection is safe here.,PR_AGI-Alpha-Agent-v0_9:alpha_factory_v1/demos/meta_agentic_agi/agents/agent_base.py,283,283,csrf
MontrealAI/AGI-Alpha-Agent-v0,9,OpenAI_Codex,https://github.com/MontrealAI/AGI-Alpha-Agent-v0/pull/9,SECURITY_HOTSPOT,HIGH,Make sure disabling CSRF protection is safe here.,PR_AGI-Alpha-Agent-v0_9:alpha_factory_v1/demos/meta_agentic_agi_v2/agents/agent_base.py,283,283,csrf
MontrealAI/AGI-Alpha-Agent-v0,9,OpenAI_Codex,https://github.com/MontrealAI/AGI-Alpha-Agent-v0/pull/9,SECURITY_HOTSPOT,HIGH,Make sure disabling CSRF protection is safe here.,PR_AGI-Alpha-Agent-v0_9:alpha_factory_v1/demos/meta_agentic_agi_v3/agents/agent_base.py,283,283,csrf
MontrealAI/AGI-Alpha-Agent-v0,9,OpenAI_Codex,https://github.com/MontrealAI/AGI-Alpha-Agent-v0/pull/9,SECURITY_HOTSPOT,MEDIUM,Make sure that using this pseudorandom number generator is safe here.,PR_AGI-Alpha-Agent-v0_9:alpha_factory_v1/demos/alpha_asi_world_model/alpha_asi_world_model_demo.py,250,250,weak-cryptography
MontrealAI/AGI-Alpha-Agent-v0,9,OpenAI_Codex,https://github.com/MontrealAI/AGI-Alpha-Agent-v0/pull/9,SECURITY_HOTSPOT,MEDIUM,Make sure that using this pseudorandom number generator is safe here.,PR_AGI-Alpha-Agent-v0_9:alpha_factory_v1/demos/alpha_asi_world_model/alpha_asi_world_model_demo.py,252,252,weak-cryptography
MontrealAI/AGI-Alpha-Agent-v0,9,OpenAI_Codex,https://github.com/MontrealAI/AGI-Alpha-Agent-v0/pull/9,SECURITY_HOTSPOT,MEDIUM,Make sure that using this pseudorandom number generator is safe here.,PR_AGI-Alpha-Agent-v0_9:alpha_factory_v1/demos/alpha_asi_world_model/alpha_asi_world_model_demo.py,252,252,weak-cryptography
MontrealAI/AGI-Alpha-Agent-v0,9,OpenAI_Codex,https://github.com/MontrealAI/AGI-Alpha-Agent-v0/pull/9,SECURITY_HOTSPOT,MEDIUM,Make sure that using this pseudorandom number generator is safe here.,PR_AGI-Alpha-Agent-v0_9:alpha_factory_v1/demos/alpha_asi_world_model/alpha_asi_world_model_demo.py,253,253,weak-cryptography
MontrealAI/AGI-Alpha-Agent-v0,9,OpenAI_Codex,https://github.com/MontrealAI/AGI-Alpha-Agent-v0/pull/9,SECURITY_HOTSPOT,MEDIUM,Make sure that using this pseudorandom number generator is safe here.,PR_AGI-Alpha-Agent-v0_9:alpha_factory_v1/demos/alpha_asi_world_model/alpha_asi_world_model_demo.py,276,276,weak-cryptography
MontrealAI/AGI-Alpha-Agent-v0,9,OpenAI_Codex,https://github.com/MontrealAI/AGI-Alpha-Agent-v0/pull/9,SECURITY_HOTSPOT,MEDIUM,Make sure that using this pseudorandom number generator is safe here.,PR_AGI-Alpha-Agent-v0_9:alpha_factory_v1/demos/alpha_asi_world_model/alpha_asi_world_model_demo.py,289,289,weak-cryptography
MontrealAI/AGI-Alpha-Agent-v0,9,OpenAI_Codex,https://github.com/MontrealAI/AGI-Alpha-Agent-v0/pull/9,SECURITY_HOTSPOT,MEDIUM,Make sure that using this pseudorandom number generator is safe here.,PR_AGI-Alpha-Agent-v0_9:alpha_factory_v1/demos/alpha_asi_world_model/alpha_asi_world_model_demo_v4.py,270,270,weak-cryptography
MontrealAI/AGI-Alpha-Agent-v0,9,OpenAI_Codex,https://github.com/MontrealAI/AGI-Alpha-Agent-v0/pull/9,SECURITY_HOTSPOT,MEDIUM,Make sure that using this pseudorandom number generator is safe here.,PR_AGI-Alpha-Agent-v0_9:alpha_factory_v1/demos/alpha_asi_world_model/alpha_asi_world_model_demo_v4.py,271,271,weak-cryptography
MontrealAI/AGI-Alpha-Agent-v0,9,OpenAI_Codex,https://github.com/MontrealAI/AGI-Alpha-Agent-v0/pull/9,SECURITY_HOTSPOT,MEDIUM,Make sure that using this pseudorandom number generator is safe here.,PR_AGI-Alpha-Agent-v0_9:alpha_factory_v1/demos/alpha_asi_world_model/alpha_asi_world_model_demo_v4.py,271,271,weak-cryptography
MontrealAI/AGI-Alpha-Agent-v0,9,OpenAI_Codex,https://github.com/MontrealAI/AGI-Alpha-Agent-v0/pull/9,SECURITY_HOTSPOT,MEDIUM,Make sure that using this pseudorandom number generator is safe here.,PR_AGI-Alpha-Agent-v0_9:alpha_factory_v1/demos/alpha_asi_world_model/alpha_asi_world_model_demo_v4.py,271,271,weak-cryptography
MontrealAI/AGI-Alpha-Agent-v0,9,OpenAI_Codex,https://github.com/MontrealAI/AGI-Alpha-Agent-v0/pull/9,SECURITY_HOTSPOT,MEDIUM,Make sure that using this pseudorandom number generator is safe here.,PR_AGI-Alpha-Agent-v0_9:alpha_factory_v1/demos/alpha_asi_world_model/alpha_asi_world_model_demo_v4.py,288,288,weak-cryptography
MontrealAI/AGI-Alpha-Agent-v0,9,OpenAI_Codex,https://github.com/MontrealAI/AGI-Alpha-Agent-v0/pull/9,SECURITY_HOTSPOT,MEDIUM,Make sure that using this pseudorandom number generator is safe here.,PR_AGI-Alpha-Agent-v0_9:alpha_factory_v1/demos/alpha_asi_world_model/alpha_asi_world_model_demo_v4.py,289,289,weak-cryptography
MontrealAI/AGI-Alpha-Agent-v0,9,OpenAI_Codex,https://github.com/MontrealAI/AGI-Alpha-Agent-v0/pull/9,SECURITY_HOTSPOT,MEDIUM,Make sure that using this pseudorandom number generator is safe here.,PR_AGI-Alpha-Agent-v0_9:alpha_factory_v1/demos/alpha_asi_world_model/alpha_asi_world_model_demo_v4.py,299,299,weak-cryptography
MontrealAI/AGI-Alpha-Agent-v0,9,OpenAI_Codex,https://github.com/MontrealAI/AGI-Alpha-Agent-v0/pull/9,SECURITY_HOTSPOT,LOW,Make sure that this logger's configuration is safe.,PR_AGI-Alpha-Agent-v0_9:alpha_factory_v1/demos/alpha_asi_world_model/alpha_asi_world_model_demo_v4.py,46,50,log-injection
MontrealAI/AGI-Alpha-Agent-v0,9,OpenAI_Codex,https://github.com/MontrealAI/AGI-Alpha-Agent-v0/pull/9,SECURITY_HOTSPOT,LOW,Make sure that this logger's configuration is safe.,PR_AGI-Alpha-Agent-v0_9:alpha_factory_v1/demos/meta_agentic_agi/agents/agent_base.py,44,44,log-injection
MontrealAI/AGI-Alpha-Agent-v0,9,OpenAI_Codex,https://github.com/MontrealAI/AGI-Alpha-Agent-v0/pull/9,SECURITY_HOTSPOT,LOW,Make sure that this logger's configuration is safe.,PR_AGI-Alpha-Agent-v0_9:alpha_factory_v1/demos/meta_agentic_agi_v2/agents/agent_base.py,44,44,log-injection
MontrealAI/AGI-Alpha-Agent-v0,9,OpenAI_Codex,https://github.com/MontrealAI/AGI-Alpha-Agent-v0/pull/9,SECURITY_HOTSPOT,LOW,Make sure that this logger's configuration is safe.,PR_AGI-Alpha-Agent-v0_9:alpha_factory_v1/demos/meta_agentic_agi_v3/agents/agent_base.py,44,44,log-injection
MontrealAI/AGI-Alpha-Agent-v0,9,OpenAI_Codex,https://github.com/MontrealAI/AGI-Alpha-Agent-v0/pull/9,SECURITY_HOTSPOT,HIGH,Make sure disabling CSRF protection is safe here.,PR_AGI-Alpha-Agent-v0_9:alpha_factory_v1/demos/meta_agentic_agi/agents/agent_base.py,283,283,csrf
MontrealAI/AGI-Alpha-Agent-v0,9,OpenAI_Codex,https://github.com/MontrealAI/AGI-Alpha-Agent-v0/pull/9,SECURITY_HOTSPOT,HIGH,Make sure disabling CSRF protection is safe here.,PR_AGI-Alpha-Agent-v0_9:alpha_factory_v1/demos/meta_agentic_agi_v2/agents/agent_base.py,283,283,csrf
MontrealAI/AGI-Alpha-Agent-v0,9,OpenAI_Codex,https://github.com/MontrealAI/AGI-Alpha-Agent-v0/pull/9,SECURITY_HOTSPOT,HIGH,Make sure disabling CSRF protection is safe here.,PR_AGI-Alpha-Agent-v0_9:alpha_factory_v1/demos/meta_agentic_agi_v3/agents/agent_base.py,283,283,csrf
MontrealAI/AGI-Alpha-Agent-v0,9,OpenAI_Codex,https://github.com/MontrealAI/AGI-Alpha-Agent-v0/pull/9,SECURITY_HOTSPOT,MEDIUM,Make sure that using this pseudorandom number generator is safe here.,PR_AGI-Alpha-Agent-v0_9:alpha_factory_v1/demos/alpha_asi_world_model/alpha_asi_world_model_demo.py,250,250,weak-cryptography
MontrealAI/AGI-Alpha-Agent-v0,9,OpenAI_Codex,https://github.com/MontrealAI/AGI-Alpha-Agent-v0/pull/9,SECURITY_HOTSPOT,MEDIUM,Make sure that using this pseudorandom number generator is safe here.,PR_AGI-Alpha-Agent-v0_9:alpha_factory_v1/demos/alpha_asi_world_model/alpha_asi_world_model_demo.py,252,252,weak-cryptography
MontrealAI/AGI-Alpha-Agent-v0,9,OpenAI_Codex,https://github.com/MontrealAI/AGI-Alpha-Agent-v0/pull/9,SECURITY_HOTSPOT,MEDIUM,Make sure that using this pseudorandom number generator is safe here.,PR_AGI-Alpha-Agent-v0_9:alpha_factory_v1/demos/alpha_asi_world_model/alpha_asi_world_model_demo.py,252,252,weak-cryptography
MontrealAI/AGI-Alpha-Agent-v0,9,OpenAI_Codex,https://github.com/MontrealAI/AGI-Alpha-Agent-v0/pull/9,SECURITY_HOTSPOT,MEDIUM,Make sure that using this pseudorandom number generator is safe here.,PR_AGI-Alpha-Agent-v0_9:alpha_factory_v1/demos/alpha_asi_world_model/alpha_asi_world_model_demo.py,253,253,weak-cryptography
MontrealAI/AGI-Alpha-Agent-v0,9,OpenAI_Codex,https://github.com/MontrealAI/AGI-Alpha-Agent-v0/pull/9,SECURITY_HOTSPOT,MEDIUM,Make sure that using this pseudorandom number generator is safe here.,PR_AGI-Alpha-Agent-v0_9:alpha_factory_v1/demos/alpha_asi_world_model/alpha_asi_world_model_demo.py,276,276,weak-cryptography
MontrealAI/AGI-Alpha-Agent-v0,9,OpenAI_Codex,https://github.com/MontrealAI/AGI-Alpha-Agent-v0/pull/9,SECURITY_HOTSPOT,MEDIUM,Make sure that using this pseudorandom number generator is safe here.,PR_AGI-Alpha-Agent-v0_9:alpha_factory_v1/demos/alpha_asi_world_model/alpha_asi_world_model_demo.py,289,289,weak-cryptography
MontrealAI/AGI-Alpha-Agent-v0,9,OpenAI_Codex,https://github.com/MontrealAI/AGI-Alpha-Agent-v0/pull/9,SECURITY_HOTSPOT,MEDIUM,Make sure that using this pseudorandom number generator is safe here.,PR_AGI-Alpha-Agent-v0_9:alpha_factory_v1/demos/alpha_asi_world_model/alpha_asi_world_model_demo_v4.py,270,270,weak-cryptography
MontrealAI/AGI-Alpha-Agent-v0,9,OpenAI_Codex,https://github.com/MontrealAI/AGI-Alpha-Agent-v0/pull/9,SECURITY_HOTSPOT,MEDIUM,Make sure that using this pseudorandom number generator is safe here.,PR_AGI-Alpha-Agent-v0_9:alpha_factory_v1/demos/alpha_asi_world_model/alpha_asi_world_model_demo_v4.py,271,271,weak-cryptography
MontrealAI/AGI-Alpha-Agent-v0,9,OpenAI_Codex,https://github.com/MontrealAI/AGI-Alpha-Agent-v0/pull/9,SECURITY_HOTSPOT,MEDIUM,Make sure that using this pseudorandom number generator is safe here.,PR_AGI-Alpha-Agent-v0_9:alpha_factory_v1/demos/alpha_asi_world_model/alpha_asi_world_model_demo_v4.py,271,271,weak-cryptography
MontrealAI/AGI-Alpha-Agent-v0,9,OpenAI_Codex,https://github.com/MontrealAI/AGI-Alpha-Agent-v0/pull/9,SECURITY_HOTSPOT,MEDIUM,Make sure that using this pseudorandom number generator is safe here.,PR_AGI-Alpha-Agent-v0_9:alpha_factory_v1/demos/alpha_asi_world_model/alpha_asi_world_model_demo_v4.py,271,271,weak-cryptography
MontrealAI/AGI-Alpha-Agent-v0,9,OpenAI_Codex,https://github.com/MontrealAI/AGI-Alpha-Agent-v0/pull/9,SECURITY_HOTSPOT,MEDIUM,Make sure that using this pseudorandom number generator is safe here.,PR_AGI-Alpha-Agent-v0_9:alpha_factory_v1/demos/alpha_asi_world_model/alpha_asi_world_model_demo_v4.py,288,288,weak-cryptography
MontrealAI/AGI-Alpha-Agent-v0,9,OpenAI_Codex,https://github.com/MontrealAI/AGI-Alpha-Agent-v0/pull/9,SECURITY_HOTSPOT,MEDIUM,Make sure that using this pseudorandom number generator is safe here.,PR_AGI-Alpha-Agent-v0_9:alpha_factory_v1/demos/alpha_asi_world_model/alpha_asi_world_model_demo_v4.py,289,289,weak-cryptography
MontrealAI/AGI-Alpha-Agent-v0,9,OpenAI_Codex,https://github.com/MontrealAI/AGI-Alpha-Agent-v0/pull/9,SECURITY_HOTSPOT,MEDIUM,Make sure that using this pseudorandom number generator is safe here.,PR_AGI-Alpha-Agent-v0_9:alpha_factory_v1/demos/alpha_asi_world_model/alpha_asi_world_model_demo_v4.py,299,299,weak-cryptography
MontrealAI/AGI-Alpha-Agent-v0,9,OpenAI_Codex,https://github.com/MontrealAI/AGI-Alpha-Agent-v0/pull/9,SECURITY_HOTSPOT,LOW,Make sure that this logger's configuration is safe.,PR_AGI-Alpha-Agent-v0_9:alpha_factory_v1/demos/alpha_asi_world_model/alpha_asi_world_model_demo_v4.py,46,50,log-injection
MontrealAI/AGI-Alpha-Agent-v0,9,OpenAI_Codex,https://github.com/MontrealAI/AGI-Alpha-Agent-v0/pull/9,SECURITY_HOTSPOT,LOW,Make sure that this logger's configuration is safe.,PR_AGI-Alpha-Agent-v0_9:alpha_factory_v1/demos/meta_agentic_agi/agents/agent_base.py,44,44,log-injection
MontrealAI/AGI-Alpha-Agent-v0,9,OpenAI_Codex,https://github.com/MontrealAI/AGI-Alpha-Agent-v0/pull/9,SECURITY_HOTSPOT,LOW,Make sure that this logger's configuration is safe.,PR_AGI-Alpha-Agent-v0_9:alpha_factory_v1/demos/meta_agentic_agi_v2/agents/agent_base.py,44,44,log-injection
MontrealAI/AGI-Alpha-Agent-v0,9,OpenAI_Codex,https://github.com/MontrealAI/AGI-Alpha-Agent-v0/pull/9,SECURITY_HOTSPOT,LOW,Make sure that this logger's configuration is safe.,PR_AGI-Alpha-Agent-v0_9:alpha_factory_v1/demos/meta_agentic_agi_v3/agents/agent_base.py,44,44,log-injection
MontrealAI/AGI-Alpha-Agent-v0,9,OpenAI_Codex,https://github.com/MontrealAI/AGI-Alpha-Agent-v0/pull/9,SECURITY_HOTSPOT,HIGH,Make sure disabling CSRF protection is safe here.,PR_AGI-Alpha-Agent-v0_9:alpha_factory_v1/demos/meta_agentic_agi/agents/agent_base.py,283,283,csrf
MontrealAI/AGI-Alpha-Agent-v0,9,OpenAI_Codex,https://github.com/MontrealAI/AGI-Alpha-Agent-v0/pull/9,SECURITY_HOTSPOT,HIGH,Make sure disabling CSRF protection is safe here.,PR_AGI-Alpha-Agent-v0_9:alpha_factory_v1/demos/meta_agentic_agi_v2/agents/agent_base.py,283,283,csrf
MontrealAI/AGI-Alpha-Agent-v0,9,OpenAI_Codex,https://github.com/MontrealAI/AGI-Alpha-Agent-v0/pull/9,SECURITY_HOTSPOT,HIGH,Make sure disabling CSRF protection is safe here.,PR_AGI-Alpha-Agent-v0_9:alpha_factory_v1/demos/meta_agentic_agi_v3/agents/agent_base.py,283,283,csrf
MontrealAI/AGI-Alpha-Agent-v0,9,OpenAI_Codex,https://github.com/MontrealAI/AGI-Alpha-Agent-v0/pull/9,SECURITY_HOTSPOT,MEDIUM,Make sure that using this pseudorandom number generator is safe here.,PR_AGI-Alpha-Agent-v0_9:alpha_factory_v1/demos/alpha_asi_world_model/alpha_asi_world_model_demo.py,250,250,weak-cryptography
MontrealAI/AGI-Alpha-Agent-v0,9,OpenAI_Codex,https://github.com/MontrealAI/AGI-Alpha-Agent-v0/pull/9,SECURITY_HOTSPOT,MEDIUM,Make sure that using this pseudorandom number generator is safe here.,PR_AGI-Alpha-Agent-v0_9:alpha_factory_v1/demos/alpha_asi_world_model/alpha_asi_world_model_demo.py,252,252,weak-cryptography
MontrealAI/AGI-Alpha-Agent-v0,9,OpenAI_Codex,https://github.com/MontrealAI/AGI-Alpha-Agent-v0/pull/9,SECURITY_HOTSPOT,MEDIUM,Make sure that using this pseudorandom number generator is safe here.,PR_AGI-Alpha-Agent-v0_9:alpha_factory_v1/demos/alpha_asi_world_model/alpha_asi_world_model_demo.py,252,252,weak-cryptography
MontrealAI/AGI-Alpha-Agent-v0,9,OpenAI_Codex,https://github.com/MontrealAI/AGI-Alpha-Agent-v0/pull/9,SECURITY_HOTSPOT,MEDIUM,Make sure that using this pseudorandom number generator is safe here.,PR_AGI-Alpha-Agent-v0_9:alpha_factory_v1/demos/alpha_asi_world_model/alpha_asi_world_model_demo.py,253,253,weak-cryptography
MontrealAI/AGI-Alpha-Agent-v0,9,OpenAI_Codex,https://github.com/MontrealAI/AGI-Alpha-Agent-v0/pull/9,SECURITY_HOTSPOT,MEDIUM,Make sure that using this pseudorandom number generator is safe here.,PR_AGI-Alpha-Agent-v0_9:alpha_factory_v1/demos/alpha_asi_world_model/alpha_asi_world_model_demo.py,276,276,weak-cryptography
MontrealAI/AGI-Alpha-Agent-v0,9,OpenAI_Codex,https://github.com/MontrealAI/AGI-Alpha-Agent-v0/pull/9,SECURITY_HOTSPOT,MEDIUM,Make sure that using this pseudorandom number generator is safe here.,PR_AGI-Alpha-Agent-v0_9:alpha_factory_v1/demos/alpha_asi_world_model/alpha_asi_world_model_demo.py,289,289,weak-cryptography
MontrealAI/AGI-Alpha-Agent-v0,9,OpenAI_Codex,https://github.com/MontrealAI/AGI-Alpha-Agent-v0/pull/9,SECURITY_HOTSPOT,MEDIUM,Make sure that using this pseudorandom number generator is safe here.,PR_AGI-Alpha-Agent-v0_9:alpha_factory_v1/demos/alpha_asi_world_model/alpha_asi_world_model_demo_v4.py,270,270,weak-cryptography
MontrealAI/AGI-Alpha-Agent-v0,9,OpenAI_Codex,https://github.com/MontrealAI/AGI-Alpha-Agent-v0/pull/9,SECURITY_HOTSPOT,MEDIUM,Make sure that using this pseudorandom number generator is safe here.,PR_AGI-Alpha-Agent-v0_9:alpha_factory_v1/demos/alpha_asi_world_model/alpha_asi_world_model_demo_v4.py,271,271,weak-cryptography
MontrealAI/AGI-Alpha-Agent-v0,9,OpenAI_Codex,https://github.com/MontrealAI/AGI-Alpha-Agent-v0/pull/9,SECURITY_HOTSPOT,MEDIUM,Make sure that using this pseudorandom number generator is safe here.,PR_AGI-Alpha-Agent-v0_9:alpha_factory_v1/demos/alpha_asi_world_model/alpha_asi_world_model_demo_v4.py,271,271,weak-cryptography
MontrealAI/AGI-Alpha-Agent-v0,9,OpenAI_Codex,https://github.com/MontrealAI/AGI-Alpha-Agent-v0/pull/9,SECURITY_HOTSPOT,MEDIUM,Make sure that using this pseudorandom number generator is safe here.,PR_AGI-Alpha-Agent-v0_9:alpha_factory_v1/demos/alpha_asi_world_model/alpha_asi_world_model_demo_v4.py,271,271,weak-cryptography
MontrealAI/AGI-Alpha-Agent-v0,9,OpenAI_Codex,https://github.com/MontrealAI/AGI-Alpha-Agent-v0/pull/9,SECURITY_HOTSPOT,MEDIUM,Make sure that using this pseudorandom number generator is safe here.,PR_AGI-Alpha-Agent-v0_9:alpha_factory_v1/demos/alpha_asi_world_model/alpha_asi_world_model_demo_v4.py,288,288,weak-cryptography
MontrealAI/AGI-Alpha-Agent-v0,9,OpenAI_Codex,https://github.com/MontrealAI/AGI-Alpha-Agent-v0/pull/9,SECURITY_HOTSPOT,MEDIUM,Make sure that using this pseudorandom number generator is safe here.,PR_AGI-Alpha-Agent-v0_9:alpha_factory_v1/demos/alpha_asi_world_model/alpha_asi_world_model_demo_v4.py,289,289,weak-cryptography
MontrealAI/AGI-Alpha-Agent-v0,9,OpenAI_Codex,https://github.com/MontrealAI/AGI-Alpha-Agent-v0/pull/9,SECURITY_HOTSPOT,MEDIUM,Make sure that using this pseudorandom number generator is safe here.,PR_AGI-Alpha-Agent-v0_9:alpha_factory_v1/demos/alpha_asi_world_model/alpha_asi_world_model_demo_v4.py,299,299,weak-cryptography
MontrealAI/AGI-Alpha-Agent-v0,9,OpenAI_Codex,https://github.com/MontrealAI/AGI-Alpha-Agent-v0/pull/9,SECURITY_HOTSPOT,LOW,Make sure that this logger's configuration is safe.,PR_AGI-Alpha-Agent-v0_9:alpha_factory_v1/demos/alpha_asi_world_model/alpha_asi_world_model_demo_v4.py,46,50,log-injection
MontrealAI/AGI-Alpha-Agent-v0,9,OpenAI_Codex,https://github.com/MontrealAI/AGI-Alpha-Agent-v0/pull/9,SECURITY_HOTSPOT,LOW,Make sure that this logger's configuration is safe.,PR_AGI-Alpha-Agent-v0_9:alpha_factory_v1/demos/meta_agentic_agi/agents/agent_base.py,44,44,log-injection
MontrealAI/AGI-Alpha-Agent-v0,9,OpenAI_Codex,https://github.com/MontrealAI/AGI-Alpha-Agent-v0/pull/9,SECURITY_HOTSPOT,LOW,Make sure that this logger's configuration is safe.,PR_AGI-Alpha-Agent-v0_9:alpha_factory_v1/demos/meta_agentic_agi_v2/agents/agent_base.py,44,44,log-injection
MontrealAI/AGI-Alpha-Agent-v0,9,OpenAI_Codex,https://github.com/MontrealAI/AGI-Alpha-Agent-v0/pull/9,SECURITY_HOTSPOT,LOW,Make sure that this logger's configuration is safe.,PR_AGI-Alpha-Agent-v0_9:alpha_factory_v1/demos/meta_agentic_agi_v3/agents/agent_base.py,44,44,log-injection
MontrealAI/AGI-Alpha-Agent-v0,9,OpenAI_Codex,https://github.com/MontrealAI/AGI-Alpha-Agent-v0/pull/9,SECURITY_HOTSPOT,HIGH,Make sure disabling CSRF protection is safe here.,PR_AGI-Alpha-Agent-v0_9:alpha_factory_v1/demos/meta_agentic_agi/agents/agent_base.py,283,283,csrf
MontrealAI/AGI-Alpha-Agent-v0,9,OpenAI_Codex,https://github.com/MontrealAI/AGI-Alpha-Agent-v0/pull/9,SECURITY_HOTSPOT,HIGH,Make sure disabling CSRF protection is safe here.,PR_AGI-Alpha-Agent-v0_9:alpha_factory_v1/demos/meta_agentic_agi_v2/agents/agent_base.py,283,283,csrf
MontrealAI/AGI-Alpha-Agent-v0,9,OpenAI_Codex,https://github.com/MontrealAI/AGI-Alpha-Agent-v0/pull/9,SECURITY_HOTSPOT,HIGH,Make sure disabling CSRF protection is safe here.,PR_AGI-Alpha-Agent-v0_9:alpha_factory_v1/demos/meta_agentic_agi_v3/agents/agent_base.py,283,283,csrf
MontrealAI/AGI-Alpha-Agent-v0,9,OpenAI_Codex,https://github.com/MontrealAI/AGI-Alpha-Agent-v0/pull/9,SECURITY_HOTSPOT,MEDIUM,Make sure that using this pseudorandom number generator is safe here.,PR_AGI-Alpha-Agent-v0_9:alpha_factory_v1/demos/alpha_asi_world_model/alpha_asi_world_model_demo.py,250,250,weak-cryptography
MontrealAI/AGI-Alpha-Agent-v0,9,OpenAI_Codex,https://github.com/MontrealAI/AGI-Alpha-Agent-v0/pull/9,SECURITY_HOTSPOT,MEDIUM,Make sure that using this pseudorandom number generator is safe here.,PR_AGI-Alpha-Agent-v0_9:alpha_factory_v1/demos/alpha_asi_world_model/alpha_asi_world_model_demo.py,252,252,weak-cryptography
MontrealAI/AGI-Alpha-Agent-v0,9,OpenAI_Codex,https://github.com/MontrealAI/AGI-Alpha-Agent-v0/pull/9,SECURITY_HOTSPOT,MEDIUM,Make sure that using this pseudorandom number generator is safe here.,PR_AGI-Alpha-Agent-v0_9:alpha_factory_v1/demos/alpha_asi_world_model/alpha_asi_world_model_demo.py,252,252,weak-cryptography
MontrealAI/AGI-Alpha-Agent-v0,9,OpenAI_Codex,https://github.com/MontrealAI/AGI-Alpha-Agent-v0/pull/9,SECURITY_HOTSPOT,MEDIUM,Make sure that using this pseudorandom number generator is safe here.,PR_AGI-Alpha-Agent-v0_9:alpha_factory_v1/demos/alpha_asi_world_model/alpha_asi_world_model_demo.py,253,253,weak-cryptography
MontrealAI/AGI-Alpha-Agent-v0,9,OpenAI_Codex,https://github.com/MontrealAI/AGI-Alpha-Agent-v0/pull/9,SECURITY_HOTSPOT,MEDIUM,Make sure that using this pseudorandom number generator is safe here.,PR_AGI-Alpha-Agent-v0_9:alpha_factory_v1/demos/alpha_asi_world_model/alpha_asi_world_model_demo.py,276,276,weak-cryptography
MontrealAI/AGI-Alpha-Agent-v0,9,OpenAI_Codex,https://github.com/MontrealAI/AGI-Alpha-Agent-v0/pull/9,SECURITY_HOTSPOT,MEDIUM,Make sure that using this pseudorandom number generator is safe here.,PR_AGI-Alpha-Agent-v0_9:alpha_factory_v1/demos/alpha_asi_world_model/alpha_asi_world_model_demo.py,289,289,weak-cryptography
MontrealAI/AGI-Alpha-Agent-v0,9,OpenAI_Codex,https://github.com/MontrealAI/AGI-Alpha-Agent-v0/pull/9,SECURITY_HOTSPOT,MEDIUM,Make sure that using this pseudorandom number generator is safe here.,PR_AGI-Alpha-Agent-v0_9:alpha_factory_v1/demos/alpha_asi_world_model/alpha_asi_world_model_demo_v4.py,270,270,weak-cryptography
MontrealAI/AGI-Alpha-Agent-v0,9,OpenAI_Codex,https://github.com/MontrealAI/AGI-Alpha-Agent-v0/pull/9,SECURITY_HOTSPOT,MEDIUM,Make sure that using this pseudorandom number generator is safe here.,PR_AGI-Alpha-Agent-v0_9:alpha_factory_v1/demos/alpha_asi_world_model/alpha_asi_world_model_demo_v4.py,271,271,weak-cryptography
MontrealAI/AGI-Alpha-Agent-v0,9,OpenAI_Codex,https://github.com/MontrealAI/AGI-Alpha-Agent-v0/pull/9,SECURITY_HOTSPOT,MEDIUM,Make sure that using this pseudorandom number generator is safe here.,PR_AGI-Alpha-Agent-v0_9:alpha_factory_v1/demos/alpha_asi_world_model/alpha_asi_world_model_demo_v4.py,271,271,weak-cryptography
MontrealAI/AGI-Alpha-Agent-v0,9,OpenAI_Codex,https://github.com/MontrealAI/AGI-Alpha-Agent-v0/pull/9,SECURITY_HOTSPOT,MEDIUM,Make sure that using this pseudorandom number generator is safe here.,PR_AGI-Alpha-Agent-v0_9:alpha_factory_v1/demos/alpha_asi_world_model/alpha_asi_world_model_demo_v4.py,271,271,weak-cryptography
MontrealAI/AGI-Alpha-Agent-v0,9,OpenAI_Codex,https://github.com/MontrealAI/AGI-Alpha-Agent-v0/pull/9,SECURITY_HOTSPOT,MEDIUM,Make sure that using this pseudorandom number generator is safe here.,PR_AGI-Alpha-Agent-v0_9:alpha_factory_v1/demos/alpha_asi_world_model/alpha_asi_world_model_demo_v4.py,288,288,weak-cryptography
MontrealAI/AGI-Alpha-Agent-v0,9,OpenAI_Codex,https://github.com/MontrealAI/AGI-Alpha-Agent-v0/pull/9,SECURITY_HOTSPOT,MEDIUM,Make sure that using this pseudorandom number generator is safe here.,PR_AGI-Alpha-Agent-v0_9:alpha_factory_v1/demos/alpha_asi_world_model/alpha_asi_world_model_demo_v4.py,289,289,weak-cryptography
MontrealAI/AGI-Alpha-Agent-v0,9,OpenAI_Codex,https://github.com/MontrealAI/AGI-Alpha-Agent-v0/pull/9,SECURITY_HOTSPOT,MEDIUM,Make sure that using this pseudorandom number generator is safe here.,PR_AGI-Alpha-Agent-v0_9:alpha_factory_v1/demos/alpha_asi_world_model/alpha_asi_world_model_demo_v4.py,299,299,weak-cryptography
MontrealAI/AGI-Alpha-Agent-v0,9,OpenAI_Codex,https://github.com/MontrealAI/AGI-Alpha-Agent-v0/pull/9,SECURITY_HOTSPOT,LOW,Make sure that this logger's configuration is safe.,PR_AGI-Alpha-Agent-v0_9:alpha_factory_v1/demos/alpha_asi_world_model/alpha_asi_world_model_demo_v4.py,46,50,log-injection
MontrealAI/AGI-Alpha-Agent-v0,9,OpenAI_Codex,https://github.com/MontrealAI/AGI-Alpha-Agent-v0/pull/9,SECURITY_HOTSPOT,LOW,Make sure that this logger's configuration is safe.,PR_AGI-Alpha-Agent-v0_9:alpha_factory_v1/demos/meta_agentic_agi/agents/agent_base.py,44,44,log-injection
MontrealAI/AGI-Alpha-Agent-v0,9,OpenAI_Codex,https://github.com/MontrealAI/AGI-Alpha-Agent-v0/pull/9,SECURITY_HOTSPOT,LOW,Make sure that this logger's configuration is safe.,PR_AGI-Alpha-Agent-v0_9:alpha_factory_v1/demos/meta_agentic_agi_v2/agents/agent_base.py,44,44,log-injection
MontrealAI/AGI-Alpha-Agent-v0,9,OpenAI_Codex,https://github.com/MontrealAI/AGI-Alpha-Agent-v0/pull/9,SECURITY_HOTSPOT,LOW,Make sure that this logger's configuration is safe.,PR_AGI-Alpha-Agent-v0_9:alpha_factory_v1/demos/meta_agentic_agi_v3/agents/agent_base.py,44,44,log-injection
MontrealAI/AGI-Alpha-Agent-v0,9,OpenAI_Codex,https://github.com/MontrealAI/AGI-Alpha-Agent-v0/pull/9,SECURITY_HOTSPOT,HIGH,Make sure disabling CSRF protection is safe here.,PR_AGI-Alpha-Agent-v0_9:alpha_factory_v1/demos/meta_agentic_agi/agents/agent_base.py,283,283,csrf
MontrealAI/AGI-Alpha-Agent-v0,9,OpenAI_Codex,https://github.com/MontrealAI/AGI-Alpha-Agent-v0/pull/9,SECURITY_HOTSPOT,HIGH,Make sure disabling CSRF protection is safe here.,PR_AGI-Alpha-Agent-v0_9:alpha_factory_v1/demos/meta_agentic_agi_v2/agents/agent_base.py,283,283,csrf
MontrealAI/AGI-Alpha-Agent-v0,9,OpenAI_Codex,https://github.com/MontrealAI/AGI-Alpha-Agent-v0/pull/9,SECURITY_HOTSPOT,HIGH,Make sure disabling CSRF protection is safe here.,PR_AGI-Alpha-Agent-v0_9:alpha_factory_v1/demos/meta_agentic_agi_v3/agents/agent_base.py,283,283,csrf
MontrealAI/AGI-Alpha-Agent-v0,9,OpenAI_Codex,https://github.com/MontrealAI/AGI-Alpha-Agent-v0/pull/9,SECURITY_HOTSPOT,MEDIUM,Make sure that using this pseudorandom number generator is safe here.,PR_AGI-Alpha-Agent-v0_9:alpha_factory_v1/demos/alpha_asi_world_model/alpha_asi_world_model_demo.py,250,250,weak-cryptography
MontrealAI/AGI-Alpha-Agent-v0,9,OpenAI_Codex,https://github.com/MontrealAI/AGI-Alpha-Agent-v0/pull/9,SECURITY_HOTSPOT,MEDIUM,Make sure that using this pseudorandom number generator is safe here.,PR_AGI-Alpha-Agent-v0_9:alpha_factory_v1/demos/alpha_asi_world_model/alpha_asi_world_model_demo.py,252,252,weak-cryptography
MontrealAI/AGI-Alpha-Agent-v0,9,OpenAI_Codex,https://github.com/MontrealAI/AGI-Alpha-Agent-v0/pull/9,SECURITY_HOTSPOT,MEDIUM,Make sure that using this pseudorandom number generator is safe here.,PR_AGI-Alpha-Agent-v0_9:alpha_factory_v1/demos/alpha_asi_world_model/alpha_asi_world_model_demo.py,252,252,weak-cryptography
MontrealAI/AGI-Alpha-Agent-v0,9,OpenAI_Codex,https://github.com/MontrealAI/AGI-Alpha-Agent-v0/pull/9,SECURITY_HOTSPOT,MEDIUM,Make sure that using this pseudorandom number generator is safe here.,PR_AGI-Alpha-Agent-v0_9:alpha_factory_v1/demos/alpha_asi_world_model/alpha_asi_world_model_demo.py,253,253,weak-cryptography
MontrealAI/AGI-Alpha-Agent-v0,9,OpenAI_Codex,https://github.com/MontrealAI/AGI-Alpha-Agent-v0/pull/9,SECURITY_HOTSPOT,MEDIUM,Make sure that using this pseudorandom number generator is safe here.,PR_AGI-Alpha-Agent-v0_9:alpha_factory_v1/demos/alpha_asi_world_model/alpha_asi_world_model_demo.py,276,276,weak-cryptography
MontrealAI/AGI-Alpha-Agent-v0,9,OpenAI_Codex,https://github.com/MontrealAI/AGI-Alpha-Agent-v0/pull/9,SECURITY_HOTSPOT,MEDIUM,Make sure that using this pseudorandom number generator is safe here.,PR_AGI-Alpha-Agent-v0_9:alpha_factory_v1/demos/alpha_asi_world_model/alpha_asi_world_model_demo.py,289,289,weak-cryptography
MontrealAI/AGI-Alpha-Agent-v0,9,OpenAI_Codex,https://github.com/MontrealAI/AGI-Alpha-Agent-v0/pull/9,SECURITY_HOTSPOT,MEDIUM,Make sure that using this pseudorandom number generator is safe here.,PR_AGI-Alpha-Agent-v0_9:alpha_factory_v1/demos/alpha_asi_world_model/alpha_asi_world_model_demo_v4.py,270,270,weak-cryptography
MontrealAI/AGI-Alpha-Agent-v0,9,OpenAI_Codex,https://github.com/MontrealAI/AGI-Alpha-Agent-v0/pull/9,SECURITY_HOTSPOT,MEDIUM,Make sure that using this pseudorandom number generator is safe here.,PR_AGI-Alpha-Agent-v0_9:alpha_factory_v1/demos/alpha_asi_world_model/alpha_asi_world_model_demo_v4.py,271,271,weak-cryptography
MontrealAI/AGI-Alpha-Agent-v0,9,OpenAI_Codex,https://github.com/MontrealAI/AGI-Alpha-Agent-v0/pull/9,SECURITY_HOTSPOT,MEDIUM,Make sure that using this pseudorandom number generator is safe here.,PR_AGI-Alpha-Agent-v0_9:alpha_factory_v1/demos/alpha_asi_world_model/alpha_asi_world_model_demo_v4.py,271,271,weak-cryptography
MontrealAI/AGI-Alpha-Agent-v0,9,OpenAI_Codex,https://github.com/MontrealAI/AGI-Alpha-Agent-v0/pull/9,SECURITY_HOTSPOT,MEDIUM,Make sure that using this pseudorandom number generator is safe here.,PR_AGI-Alpha-Agent-v0_9:alpha_factory_v1/demos/alpha_asi_world_model/alpha_asi_world_model_demo_v4.py,271,271,weak-cryptography
MontrealAI/AGI-Alpha-Agent-v0,9,OpenAI_Codex,https://github.com/MontrealAI/AGI-Alpha-Agent-v0/pull/9,SECURITY_HOTSPOT,MEDIUM,Make sure that using this pseudorandom number generator is safe here.,PR_AGI-Alpha-Agent-v0_9:alpha_factory_v1/demos/alpha_asi_world_model/alpha_asi_world_model_demo_v4.py,288,288,weak-cryptography
MontrealAI/AGI-Alpha-Agent-v0,9,OpenAI_Codex,https://github.com/MontrealAI/AGI-Alpha-Agent-v0/pull/9,SECURITY_HOTSPOT,MEDIUM,Make sure that using this pseudorandom number generator is safe here.,PR_AGI-Alpha-Agent-v0_9:alpha_factory_v1/demos/alpha_asi_world_model/alpha_asi_world_model_demo_v4.py,289,289,weak-cryptography
MontrealAI/AGI-Alpha-Agent-v0,9,OpenAI_Codex,https://github.com/MontrealAI/AGI-Alpha-Agent-v0/pull/9,SECURITY_HOTSPOT,MEDIUM,Make sure that using this pseudorandom number generator is safe here.,PR_AGI-Alpha-Agent-v0_9:alpha_factory_v1/demos/alpha_asi_world_model/alpha_asi_world_model_demo_v4.py,299,299,weak-cryptography
MontrealAI/AGI-Alpha-Agent-v0,9,OpenAI_Codex,https://github.com/MontrealAI/AGI-Alpha-Agent-v0/pull/9,SECURITY_HOTSPOT,LOW,Make sure that this logger's configuration is safe.,PR_AGI-Alpha-Agent-v0_9:alpha_factory_v1/demos/alpha_asi_world_model/alpha_asi_world_model_demo_v4.py,46,50,log-injection
MontrealAI/AGI-Alpha-Agent-v0,9,OpenAI_Codex,https://github.com/MontrealAI/AGI-Alpha-Agent-v0/pull/9,SECURITY_HOTSPOT,LOW,Make sure that this logger's configuration is safe.,PR_AGI-Alpha-Agent-v0_9:alpha_factory_v1/demos/meta_agentic_agi/agents/agent_base.py,44,44,log-injection
MontrealAI/AGI-Alpha-Agent-v0,9,OpenAI_Codex,https://github.com/MontrealAI/AGI-Alpha-Agent-v0/pull/9,SECURITY_HOTSPOT,LOW,Make sure that this logger's configuration is safe.,PR_AGI-Alpha-Agent-v0_9:alpha_factory_v1/demos/meta_agentic_agi_v2/agents/agent_base.py,44,44,log-injection
MontrealAI/AGI-Alpha-Agent-v0,9,OpenAI_Codex,https://github.com/MontrealAI/AGI-Alpha-Agent-v0/pull/9,SECURITY_HOTSPOT,LOW,Make sure that this logger's configuration is safe.,PR_AGI-Alpha-Agent-v0_9:alpha_factory_v1/demos/meta_agentic_agi_v3/agents/agent_base.py,44,44,log-injection
MontrealAI/AGI-Alpha-Agent-v0,9,OpenAI_Codex,https://github.com/MontrealAI/AGI-Alpha-Agent-v0/pull/9,SECURITY_HOTSPOT,HIGH,Make sure disabling CSRF protection is safe here.,PR_AGI-Alpha-Agent-v0_9:alpha_factory_v1/demos/meta_agentic_agi/agents/agent_base.py,283,283,csrf
MontrealAI/AGI-Alpha-Agent-v0,9,OpenAI_Codex,https://github.com/MontrealAI/AGI-Alpha-Agent-v0/pull/9,SECURITY_HOTSPOT,HIGH,Make sure disabling CSRF protection is safe here.,PR_AGI-Alpha-Agent-v0_9:alpha_factory_v1/demos/meta_agentic_agi_v2/agents/agent_base.py,283,283,csrf
MontrealAI/AGI-Alpha-Agent-v0,9,OpenAI_Codex,https://github.com/MontrealAI/AGI-Alpha-Agent-v0/pull/9,SECURITY_HOTSPOT,HIGH,Make sure disabling CSRF protection is safe here.,PR_AGI-Alpha-Agent-v0_9:alpha_factory_v1/demos/meta_agentic_agi_v3/agents/agent_base.py,283,283,csrf
MontrealAI/AGI-Alpha-Agent-v0,9,OpenAI_Codex,https://github.com/MontrealAI/AGI-Alpha-Agent-v0/pull/9,SECURITY_HOTSPOT,MEDIUM,Make sure that using this pseudorandom number generator is safe here.,PR_AGI-Alpha-Agent-v0_9:alpha_factory_v1/demos/alpha_asi_world_model/alpha_asi_world_model_demo.py,250,250,weak-cryptography
MontrealAI/AGI-Alpha-Agent-v0,9,OpenAI_Codex,https://github.com/MontrealAI/AGI-Alpha-Agent-v0/pull/9,SECURITY_HOTSPOT,MEDIUM,Make sure that using this pseudorandom number generator is safe here.,PR_AGI-Alpha-Agent-v0_9:alpha_factory_v1/demos/alpha_asi_world_model/alpha_asi_world_model_demo.py,252,252,weak-cryptography
MontrealAI/AGI-Alpha-Agent-v0,9,OpenAI_Codex,https://github.com/MontrealAI/AGI-Alpha-Agent-v0/pull/9,SECURITY_HOTSPOT,MEDIUM,Make sure that using this pseudorandom number generator is safe here.,PR_AGI-Alpha-Agent-v0_9:alpha_factory_v1/demos/alpha_asi_world_model/alpha_asi_world_model_demo.py,252,252,weak-cryptography
MontrealAI/AGI-Alpha-Agent-v0,9,OpenAI_Codex,https://github.com/MontrealAI/AGI-Alpha-Agent-v0/pull/9,SECURITY_HOTSPOT,MEDIUM,Make sure that using this pseudorandom number generator is safe here.,PR_AGI-Alpha-Agent-v0_9:alpha_factory_v1/demos/alpha_asi_world_model/alpha_asi_world_model_demo.py,253,253,weak-cryptography
MontrealAI/AGI-Alpha-Agent-v0,9,OpenAI_Codex,https://github.com/MontrealAI/AGI-Alpha-Agent-v0/pull/9,SECURITY_HOTSPOT,MEDIUM,Make sure that using this pseudorandom number generator is safe here.,PR_AGI-Alpha-Agent-v0_9:alpha_factory_v1/demos/alpha_asi_world_model/alpha_asi_world_model_demo.py,276,276,weak-cryptography
MontrealAI/AGI-Alpha-Agent-v0,9,OpenAI_Codex,https://github.com/MontrealAI/AGI-Alpha-Agent-v0/pull/9,SECURITY_HOTSPOT,MEDIUM,Make sure that using this pseudorandom number generator is safe here.,PR_AGI-Alpha-Agent-v0_9:alpha_factory_v1/demos/alpha_asi_world_model/alpha_asi_world_model_demo.py,289,289,weak-cryptography
MontrealAI/AGI-Alpha-Agent-v0,9,OpenAI_Codex,https://github.com/MontrealAI/AGI-Alpha-Agent-v0/pull/9,SECURITY_HOTSPOT,MEDIUM,Make sure that using this pseudorandom number generator is safe here.,PR_AGI-Alpha-Agent-v0_9:alpha_factory_v1/demos/alpha_asi_world_model/alpha_asi_world_model_demo_v4.py,270,270,weak-cryptography
MontrealAI/AGI-Alpha-Agent-v0,9,OpenAI_Codex,https://github.com/MontrealAI/AGI-Alpha-Agent-v0/pull/9,SECURITY_HOTSPOT,MEDIUM,Make sure that using this pseudorandom number generator is safe here.,PR_AGI-Alpha-Agent-v0_9:alpha_factory_v1/demos/alpha_asi_world_model/alpha_asi_world_model_demo_v4.py,271,271,weak-cryptography
MontrealAI/AGI-Alpha-Agent-v0,9,OpenAI_Codex,https://github.com/MontrealAI/AGI-Alpha-Agent-v0/pull/9,SECURITY_HOTSPOT,MEDIUM,Make sure that using this pseudorandom number generator is safe here.,PR_AGI-Alpha-Agent-v0_9:alpha_factory_v1/demos/alpha_asi_world_model/alpha_asi_world_model_demo_v4.py,271,271,weak-cryptography
MontrealAI/AGI-Alpha-Agent-v0,9,OpenAI_Codex,https://github.com/MontrealAI/AGI-Alpha-Agent-v0/pull/9,SECURITY_HOTSPOT,MEDIUM,Make sure that using this pseudorandom number generator is safe here.,PR_AGI-Alpha-Agent-v0_9:alpha_factory_v1/demos/alpha_asi_world_model/alpha_asi_world_model_demo_v4.py,271,271,weak-cryptography
MontrealAI/AGI-Alpha-Agent-v0,9,OpenAI_Codex,https://github.com/MontrealAI/AGI-Alpha-Agent-v0/pull/9,SECURITY_HOTSPOT,MEDIUM,Make sure that using this pseudorandom number generator is safe here.,PR_AGI-Alpha-Agent-v0_9:alpha_factory_v1/demos/alpha_asi_world_model/alpha_asi_world_model_demo_v4.py,288,288,weak-cryptography
MontrealAI/AGI-Alpha-Agent-v0,9,OpenAI_Codex,https://github.com/MontrealAI/AGI-Alpha-Agent-v0/pull/9,SECURITY_HOTSPOT,MEDIUM,Make sure that using this pseudorandom number generator is safe here.,PR_AGI-Alpha-Agent-v0_9:alpha_factory_v1/demos/alpha_asi_world_model/alpha_asi_world_model_demo_v4.py,289,289,weak-cryptography
MontrealAI/AGI-Alpha-Agent-v0,9,OpenAI_Codex,https://github.com/MontrealAI/AGI-Alpha-Agent-v0/pull/9,SECURITY_HOTSPOT,MEDIUM,Make sure that using this pseudorandom number generator is safe here.,PR_AGI-Alpha-Agent-v0_9:alpha_factory_v1/demos/alpha_asi_world_model/alpha_asi_world_model_demo_v4.py,299,299,weak-cryptography
MontrealAI/AGI-Alpha-Agent-v0,9,OpenAI_Codex,https://github.com/MontrealAI/AGI-Alpha-Agent-v0/pull/9,SECURITY_HOTSPOT,LOW,Make sure that this logger's configuration is safe.,PR_AGI-Alpha-Agent-v0_9:alpha_factory_v1/demos/alpha_asi_world_model/alpha_asi_world_model_demo_v4.py,46,50,log-injection
MontrealAI/AGI-Alpha-Agent-v0,9,OpenAI_Codex,https://github.com/MontrealAI/AGI-Alpha-Agent-v0/pull/9,SECURITY_HOTSPOT,LOW,Make sure that this logger's configuration is safe.,PR_AGI-Alpha-Agent-v0_9:alpha_factory_v1/demos/meta_agentic_agi/agents/agent_base.py,44,44,log-injection
MontrealAI/AGI-Alpha-Agent-v0,9,OpenAI_Codex,https://github.com/MontrealAI/AGI-Alpha-Agent-v0/pull/9,SECURITY_HOTSPOT,LOW,Make sure that this logger's configuration is safe.,PR_AGI-Alpha-Agent-v0_9:alpha_factory_v1/demos/meta_agentic_agi_v2/agents/agent_base.py,44,44,log-injection
MontrealAI/AGI-Alpha-Agent-v0,9,OpenAI_Codex,https://github.com/MontrealAI/AGI-Alpha-Agent-v0/pull/9,SECURITY_HOTSPOT,LOW,Make sure that this logger's configuration is safe.,PR_AGI-Alpha-Agent-v0_9:alpha_factory_v1/demos/meta_agentic_agi_v3/agents/agent_base.py,44,44,log-injection
Deep-Learning-Profiling-Tools/triton-viz,86,Claude_Code,https://github.com/Deep-Learning-Profiling-Tools/triton-viz/pull/86,SECURITY_HOTSPOT,HIGH,Make sure disabling CSRF protection is safe here.,PR_triton-viz_86:triton_viz/visualizer/interface.py,13,17,csrf
basicmachines-co/basic-memory,241,Claude_Code,https://github.com/basicmachines-co/basic-memory/pull/241,SECURITY_HOTSPOT,LOW,Make sure publicly writable directories are used safely here.,PR_basic-memory_241:tests/api/test_project_router.py,223,223,others
basicmachines-co/basic-memory,241,Claude_Code,https://github.com/basicmachines-co/basic-memory/pull/241,SECURITY_HOTSPOT,LOW,Make sure publicly writable directories are used safely here.,PR_basic-memory_241:tests/api/test_project_router.py,295,295,others
basicmachines-co/basic-memory,241,Claude_Code,https://github.com/basicmachines-co/basic-memory/pull/241,SECURITY_HOTSPOT,LOW,Make sure publicly writable directories are used safely here.,PR_basic-memory_241:tests/api/test_project_router.py,310,310,others
basicmachines-co/basic-memory,241,Claude_Code,https://github.com/basicmachines-co/basic-memory/pull/241,SECURITY_HOTSPOT,LOW,Make sure publicly writable directories are used safely here.,PR_basic-memory_241:tests/api/test_project_router.py,340,340,others
basicmachines-co/basic-memory,241,Claude_Code,https://github.com/basicmachines-co/basic-memory/pull/241,SECURITY_HOTSPOT,LOW,Make sure publicly writable directories are used safely here.,PR_basic-memory_241:tests/api/test_project_router.py,373,373,others
basicmachines-co/basic-memory,241,Claude_Code,https://github.com/basicmachines-co/basic-memory/pull/241,SECURITY_HOTSPOT,LOW,Make sure publicly writable directories are used safely here.,PR_basic-memory_241:tests/api/test_project_router.py,223,223,others
basicmachines-co/basic-memory,241,Claude_Code,https://github.com/basicmachines-co/basic-memory/pull/241,SECURITY_HOTSPOT,LOW,Make sure publicly writable directories are used safely here.,PR_basic-memory_241:tests/api/test_project_router.py,295,295,others
basicmachines-co/basic-memory,241,Claude_Code,https://github.com/basicmachines-co/basic-memory/pull/241,SECURITY_HOTSPOT,LOW,Make sure publicly writable directories are used safely here.,PR_basic-memory_241:tests/api/test_project_router.py,310,310,others
basicmachines-co/basic-memory,241,Claude_Code,https://github.com/basicmachines-co/basic-memory/pull/241,SECURITY_HOTSPOT,LOW,Make sure publicly writable directories are used safely here.,PR_basic-memory_241:tests/api/test_project_router.py,340,340,others
basicmachines-co/basic-memory,241,Claude_Code,https://github.com/basicmachines-co/basic-memory/pull/241,SECURITY_HOTSPOT,LOW,Make sure publicly writable directories are used safely here.,PR_basic-memory_241:tests/api/test_project_router.py,373,373,others
basicmachines-co/basic-memory,241,Claude_Code,https://github.com/basicmachines-co/basic-memory/pull/241,SECURITY_HOTSPOT,LOW,Make sure publicly writable directories are used safely here.,PR_basic-memory_241:tests/api/test_project_router.py,223,223,others
basicmachines-co/basic-memory,241,Claude_Code,https://github.com/basicmachines-co/basic-memory/pull/241,SECURITY_HOTSPOT,LOW,Make sure publicly writable directories are used safely here.,PR_basic-memory_241:tests/api/test_project_router.py,295,295,others
basicmachines-co/basic-memory,241,Claude_Code,https://github.com/basicmachines-co/basic-memory/pull/241,SECURITY_HOTSPOT,LOW,Make sure publicly writable directories are used safely here.,PR_basic-memory_241:tests/api/test_project_router.py,310,310,others
basicmachines-co/basic-memory,241,Claude_Code,https://github.com/basicmachines-co/basic-memory/pull/241,SECURITY_HOTSPOT,LOW,Make sure publicly writable directories are used safely here.,PR_basic-memory_241:tests/api/test_project_router.py,340,340,others
basicmachines-co/basic-memory,241,Claude_Code,https://github.com/basicmachines-co/basic-memory/pull/241,SECURITY_HOTSPOT,LOW,Make sure publicly writable directories are used safely here.,PR_basic-memory_241:tests/api/test_project_router.py,373,373,others
PrefectHQ/prefect,18363,Claude_Code,https://github.com/PrefectHQ/prefect/pull/18363,SECURITY_HOTSPOT,LOW,Make sure publicly writable directories are used safely here.,PR_prefect_18363:src/integrations/prefect-dbt/tests/core/test_settings.py,273,273,others
PrefectHQ/prefect,18363,Claude_Code,https://github.com/PrefectHQ/prefect/pull/18363,SECURITY_HOTSPOT,LOW,Make sure publicly writable directories are used safely here.,PR_prefect_18363:src/integrations/prefect-dbt/tests/core/test_settings.py,273,273,others
PrefectHQ/prefect,18363,Claude_Code,https://github.com/PrefectHQ/prefect/pull/18363,SECURITY_HOTSPOT,LOW,Make sure publicly writable directories are used safely here.,PR_prefect_18363:src/integrations/prefect-dbt/tests/core/test_settings.py,273,273,others
PrefectHQ/prefect,18363,Claude_Code,https://github.com/PrefectHQ/prefect/pull/18363,SECURITY_HOTSPOT,LOW,Make sure publicly writable directories are used safely here.,PR_prefect_18363:src/integrations/prefect-dbt/tests/core/test_settings.py,273,273,others
PrefectHQ/prefect,18363,Claude_Code,https://github.com/PrefectHQ/prefect/pull/18363,SECURITY_HOTSPOT,LOW,Make sure publicly writable directories are used safely here.,PR_prefect_18363:src/integrations/prefect-dbt/tests/core/test_settings.py,273,273,others
PrefectHQ/prefect,18363,Claude_Code,https://github.com/PrefectHQ/prefect/pull/18363,SECURITY_HOTSPOT,LOW,Make sure publicly writable directories are used safely here.,PR_prefect_18363:src/integrations/prefect-dbt/tests/core/test_settings.py,273,273,others
PrefectHQ/prefect,18363,Claude_Code,https://github.com/PrefectHQ/prefect/pull/18363,SECURITY_HOTSPOT,LOW,Make sure publicly writable directories are used safely here.,PR_prefect_18363:src/integrations/prefect-dbt/tests/core/test_settings.py,273,273,others
PrefectHQ/prefect,18363,Claude_Code,https://github.com/PrefectHQ/prefect/pull/18363,SECURITY_HOTSPOT,LOW,Make sure publicly writable directories are used safely here.,PR_prefect_18363:src/integrations/prefect-dbt/tests/core/test_settings.py,273,273,others
PrefectHQ/prefect,18363,Claude_Code,https://github.com/PrefectHQ/prefect/pull/18363,SECURITY_HOTSPOT,LOW,Make sure publicly writable directories are used safely here.,PR_prefect_18363:src/integrations/prefect-dbt/tests/core/test_settings.py,273,273,others
PrefectHQ/prefect,18363,Claude_Code,https://github.com/PrefectHQ/prefect/pull/18363,SECURITY_HOTSPOT,LOW,Make sure publicly writable directories are used safely here.,PR_prefect_18363:src/integrations/prefect-dbt/tests/core/test_settings.py,273,273,others
PrefectHQ/prefect,18363,Claude_Code,https://github.com/PrefectHQ/prefect/pull/18363,SECURITY_HOTSPOT,LOW,Make sure publicly writable directories are used safely here.,PR_prefect_18363:src/integrations/prefect-dbt/tests/core/test_settings.py,273,273,others
PrefectHQ/prefect,18363,Claude_Code,https://github.com/PrefectHQ/prefect/pull/18363,SECURITY_HOTSPOT,LOW,Make sure publicly writable directories are used safely here.,PR_prefect_18363:src/integrations/prefect-dbt/tests/core/test_settings.py,273,273,others
PrefectHQ/prefect,18363,Claude_Code,https://github.com/PrefectHQ/prefect/pull/18363,SECURITY_HOTSPOT,LOW,Make sure publicly writable directories are used safely here.,PR_prefect_18363:src/integrations/prefect-dbt/tests/core/test_settings.py,273,273,others
PrefectHQ/prefect,18363,Claude_Code,https://github.com/PrefectHQ/prefect/pull/18363,SECURITY_HOTSPOT,LOW,Make sure publicly writable directories are used safely here.,PR_prefect_18363:src/integrations/prefect-dbt/tests/core/test_settings.py,273,273,others
PrefectHQ/prefect,18363,Claude_Code,https://github.com/PrefectHQ/prefect/pull/18363,SECURITY_HOTSPOT,LOW,Make sure publicly writable directories are used safely here.,PR_prefect_18363:src/integrations/prefect-dbt/tests/core/test_settings.py,273,273,others
PrefectHQ/prefect,18363,Claude_Code,https://github.com/PrefectHQ/prefect/pull/18363,SECURITY_HOTSPOT,LOW,Make sure publicly writable directories are used safely here.,PR_prefect_18363:src/integrations/prefect-dbt/tests/core/test_settings.py,273,273,others
Ljzd-PRO/KToolBox,278,Copilot,https://github.com/Ljzd-PRO/KToolBox/pull/278,SECURITY_HOTSPOT,LOW,Using http protocol is insecure. Use https instead,PR_KToolBox_278:ktoolbox/action/job.py,121,121,encrypt-data
Ljzd-PRO/KToolBox,278,Copilot,https://github.com/Ljzd-PRO/KToolBox/pull/278,SECURITY_HOTSPOT,LOW,Using http protocol is insecure. Use https instead,PR_KToolBox_278:ktoolbox/action/job.py,121,121,encrypt-data
gradio-app/gradio,11601,Copilot,https://github.com/gradio-app/gradio/pull/11601,SECURITY_HOTSPOT,LOW,Using http protocol is insecure. Use https instead,PR_gradio_11601:test/test_external_utils.py,122,122,encrypt-data
gradio-app/gradio,11601,Copilot,https://github.com/gradio-app/gradio/pull/11601,SECURITY_HOTSPOT,LOW,Using http protocol is insecure. Use https instead,PR_gradio_11601:test/test_external_utils.py,144,144,encrypt-data
gradio-app/gradio,11601,Copilot,https://github.com/gradio-app/gradio/pull/11601,SECURITY_HOTSPOT,LOW,Using http protocol is insecure. Use https instead,PR_gradio_11601:test/test_external_utils.py,122,122,encrypt-data
gradio-app/gradio,11601,Copilot,https://github.com/gradio-app/gradio/pull/11601,SECURITY_HOTSPOT,LOW,Using http protocol is insecure. Use https instead,PR_gradio_11601:test/test_external_utils.py,144,144,encrypt-data
gradio-app/gradio,11601,Copilot,https://github.com/gradio-app/gradio/pull/11601,SECURITY_HOTSPOT,LOW,Using http protocol is insecure. Use https instead,PR_gradio_11601:test/test_external_utils.py,122,122,encrypt-data
gradio-app/gradio,11601,Copilot,https://github.com/gradio-app/gradio/pull/11601,SECURITY_HOTSPOT,LOW,Using http protocol is insecure. Use https instead,PR_gradio_11601:test/test_external_utils.py,144,144,encrypt-data
MontrealAI/AGI-Alpha-Agent-v0,9,OpenAI_Codex,https://github.com/MontrealAI/AGI-Alpha-Agent-v0/pull/9,SECURITY_HOTSPOT,HIGH,Make sure disabling CSRF protection is safe here.,PR_AGI-Alpha-Agent-v0_9:alpha_factory_v1/demos/meta_agentic_agi/agents/agent_base.py,283,283,csrf
MontrealAI/AGI-Alpha-Agent-v0,9,OpenAI_Codex,https://github.com/MontrealAI/AGI-Alpha-Agent-v0/pull/9,SECURITY_HOTSPOT,HIGH,Make sure disabling CSRF protection is safe here.,PR_AGI-Alpha-Agent-v0_9:alpha_factory_v1/demos/meta_agentic_agi_v2/agents/agent_base.py,283,283,csrf
MontrealAI/AGI-Alpha-Agent-v0,9,OpenAI_Codex,https://github.com/MontrealAI/AGI-Alpha-Agent-v0/pull/9,SECURITY_HOTSPOT,HIGH,Make sure disabling CSRF protection is safe here.,PR_AGI-Alpha-Agent-v0_9:alpha_factory_v1/demos/meta_agentic_agi_v3/agents/agent_base.py,283,283,csrf
MontrealAI/AGI-Alpha-Agent-v0,9,OpenAI_Codex,https://github.com/MontrealAI/AGI-Alpha-Agent-v0/pull/9,SECURITY_HOTSPOT,MEDIUM,Make sure that using this pseudorandom number generator is safe here.,PR_AGI-Alpha-Agent-v0_9:alpha_factory_v1/demos/alpha_asi_world_model/alpha_asi_world_model_demo.py,250,250,weak-cryptography
MontrealAI/AGI-Alpha-Agent-v0,9,OpenAI_Codex,https://github.com/MontrealAI/AGI-Alpha-Agent-v0/pull/9,SECURITY_HOTSPOT,MEDIUM,Make sure that using this pseudorandom number generator is safe here.,PR_AGI-Alpha-Agent-v0_9:alpha_factory_v1/demos/alpha_asi_world_model/alpha_asi_world_model_demo.py,252,252,weak-cryptography
MontrealAI/AGI-Alpha-Agent-v0,9,OpenAI_Codex,https://github.com/MontrealAI/AGI-Alpha-Agent-v0/pull/9,SECURITY_HOTSPOT,MEDIUM,Make sure that using this pseudorandom number generator is safe here.,PR_AGI-Alpha-Agent-v0_9:alpha_factory_v1/demos/alpha_asi_world_model/alpha_asi_world_model_demo.py,252,252,weak-cryptography
MontrealAI/AGI-Alpha-Agent-v0,9,OpenAI_Codex,https://github.com/MontrealAI/AGI-Alpha-Agent-v0/pull/9,SECURITY_HOTSPOT,MEDIUM,Make sure that using this pseudorandom number generator is safe here.,PR_AGI-Alpha-Agent-v0_9:alpha_factory_v1/demos/alpha_asi_world_model/alpha_asi_world_model_demo.py,253,253,weak-cryptography
MontrealAI/AGI-Alpha-Agent-v0,9,OpenAI_Codex,https://github.com/MontrealAI/AGI-Alpha-Agent-v0/pull/9,SECURITY_HOTSPOT,MEDIUM,Make sure that using this pseudorandom number generator is safe here.,PR_AGI-Alpha-Agent-v0_9:alpha_factory_v1/demos/alpha_asi_world_model/alpha_asi_world_model_demo.py,276,276,weak-cryptography
MontrealAI/AGI-Alpha-Agent-v0,9,OpenAI_Codex,https://github.com/MontrealAI/AGI-Alpha-Agent-v0/pull/9,SECURITY_HOTSPOT,MEDIUM,Make sure that using this pseudorandom number generator is safe here.,PR_AGI-Alpha-Agent-v0_9:alpha_factory_v1/demos/alpha_asi_world_model/alpha_asi_world_model_demo.py,289,289,weak-cryptography
MontrealAI/AGI-Alpha-Agent-v0,9,OpenAI_Codex,https://github.com/MontrealAI/AGI-Alpha-Agent-v0/pull/9,SECURITY_HOTSPOT,MEDIUM,Make sure that using this pseudorandom number generator is safe here.,PR_AGI-Alpha-Agent-v0_9:alpha_factory_v1/demos/alpha_asi_world_model/alpha_asi_world_model_demo_v4.py,270,270,weak-cryptography
MontrealAI/AGI-Alpha-Agent-v0,9,OpenAI_Codex,https://github.com/MontrealAI/AGI-Alpha-Agent-v0/pull/9,SECURITY_HOTSPOT,MEDIUM,Make sure that using this pseudorandom number generator is safe here.,PR_AGI-Alpha-Agent-v0_9:alpha_factory_v1/demos/alpha_asi_world_model/alpha_asi_world_model_demo_v4.py,271,271,weak-cryptography
MontrealAI/AGI-Alpha-Agent-v0,9,OpenAI_Codex,https://github.com/MontrealAI/AGI-Alpha-Agent-v0/pull/9,SECURITY_HOTSPOT,MEDIUM,Make sure that using this pseudorandom number generator is safe here.,PR_AGI-Alpha-Agent-v0_9:alpha_factory_v1/demos/alpha_asi_world_model/alpha_asi_world_model_demo_v4.py,271,271,weak-cryptography
MontrealAI/AGI-Alpha-Agent-v0,9,OpenAI_Codex,https://github.com/MontrealAI/AGI-Alpha-Agent-v0/pull/9,SECURITY_HOTSPOT,MEDIUM,Make sure that using this pseudorandom number generator is safe here.,PR_AGI-Alpha-Agent-v0_9:alpha_factory_v1/demos/alpha_asi_world_model/alpha_asi_world_model_demo_v4.py,271,271,weak-cryptography
MontrealAI/AGI-Alpha-Agent-v0,9,OpenAI_Codex,https://github.com/MontrealAI/AGI-Alpha-Agent-v0/pull/9,SECURITY_HOTSPOT,MEDIUM,Make sure that using this pseudorandom number generator is safe here.,PR_AGI-Alpha-Agent-v0_9:alpha_factory_v1/demos/alpha_asi_world_model/alpha_asi_world_model_demo_v4.py,288,288,weak-cryptography
MontrealAI/AGI-Alpha-Agent-v0,9,OpenAI_Codex,https://github.com/MontrealAI/AGI-Alpha-Agent-v0/pull/9,SECURITY_HOTSPOT,MEDIUM,Make sure that using this pseudorandom number generator is safe here.,PR_AGI-Alpha-Agent-v0_9:alpha_factory_v1/demos/alpha_asi_world_model/alpha_asi_world_model_demo_v4.py,289,289,weak-cryptography
MontrealAI/AGI-Alpha-Agent-v0,9,OpenAI_Codex,https://github.com/MontrealAI/AGI-Alpha-Agent-v0/pull/9,SECURITY_HOTSPOT,MEDIUM,Make sure that using this pseudorandom number generator is safe here.,PR_AGI-Alpha-Agent-v0_9:alpha_factory_v1/demos/alpha_asi_world_model/alpha_asi_world_model_demo_v4.py,299,299,weak-cryptography
MontrealAI/AGI-Alpha-Agent-v0,9,OpenAI_Codex,https://github.com/MontrealAI/AGI-Alpha-Agent-v0/pull/9,SECURITY_HOTSPOT,LOW,Make sure that this logger's configuration is safe.,PR_AGI-Alpha-Agent-v0_9:alpha_factory_v1/demos/alpha_asi_world_model/alpha_asi_world_model_demo_v4.py,46,50,log-injection
MontrealAI/AGI-Alpha-Agent-v0,9,OpenAI_Codex,https://github.com/MontrealAI/AGI-Alpha-Agent-v0/pull/9,SECURITY_HOTSPOT,LOW,Make sure that this logger's configuration is safe.,PR_AGI-Alpha-Agent-v0_9:alpha_factory_v1/demos/meta_agentic_agi/agents/agent_base.py,44,44,log-injection
MontrealAI/AGI-Alpha-Agent-v0,9,OpenAI_Codex,https://github.com/MontrealAI/AGI-Alpha-Agent-v0/pull/9,SECURITY_HOTSPOT,LOW,Make sure that this logger's configuration is safe.,PR_AGI-Alpha-Agent-v0_9:alpha_factory_v1/demos/meta_agentic_agi_v2/agents/agent_base.py,44,44,log-injection
MontrealAI/AGI-Alpha-Agent-v0,9,OpenAI_Codex,https://github.com/MontrealAI/AGI-Alpha-Agent-v0/pull/9,SECURITY_HOTSPOT,LOW,Make sure that this logger's configuration is safe.,PR_AGI-Alpha-Agent-v0_9:alpha_factory_v1/demos/meta_agentic_agi_v3/agents/agent_base.py,44,44,log-injection
MontrealAI/AGI-Alpha-Agent-v0,9,OpenAI_Codex,https://github.com/MontrealAI/AGI-Alpha-Agent-v0/pull/9,SECURITY_HOTSPOT,HIGH,Make sure disabling CSRF protection is safe here.,PR_AGI-Alpha-Agent-v0_9:alpha_factory_v1/demos/meta_agentic_agi/agents/agent_base.py,283,283,csrf
MontrealAI/AGI-Alpha-Agent-v0,9,OpenAI_Codex,https://github.com/MontrealAI/AGI-Alpha-Agent-v0/pull/9,SECURITY_HOTSPOT,HIGH,Make sure disabling CSRF protection is safe here.,PR_AGI-Alpha-Agent-v0_9:alpha_factory_v1/demos/meta_agentic_agi_v2/agents/agent_base.py,283,283,csrf
MontrealAI/AGI-Alpha-Agent-v0,9,OpenAI_Codex,https://github.com/MontrealAI/AGI-Alpha-Agent-v0/pull/9,SECURITY_HOTSPOT,HIGH,Make sure disabling CSRF protection is safe here.,PR_AGI-Alpha-Agent-v0_9:alpha_factory_v1/demos/meta_agentic_agi_v3/agents/agent_base.py,283,283,csrf
MontrealAI/AGI-Alpha-Agent-v0,9,OpenAI_Codex,https://github.com/MontrealAI/AGI-Alpha-Agent-v0/pull/9,SECURITY_HOTSPOT,MEDIUM,Make sure that using this pseudorandom number generator is safe here.,PR_AGI-Alpha-Agent-v0_9:alpha_factory_v1/demos/alpha_asi_world_model/alpha_asi_world_model_demo.py,250,250,weak-cryptography
MontrealAI/AGI-Alpha-Agent-v0,9,OpenAI_Codex,https://github.com/MontrealAI/AGI-Alpha-Agent-v0/pull/9,SECURITY_HOTSPOT,MEDIUM,Make sure that using this pseudorandom number generator is safe here.,PR_AGI-Alpha-Agent-v0_9:alpha_factory_v1/demos/alpha_asi_world_model/alpha_asi_world_model_demo.py,252,252,weak-cryptography
MontrealAI/AGI-Alpha-Agent-v0,9,OpenAI_Codex,https://github.com/MontrealAI/AGI-Alpha-Agent-v0/pull/9,SECURITY_HOTSPOT,MEDIUM,Make sure that using this pseudorandom number generator is safe here.,PR_AGI-Alpha-Agent-v0_9:alpha_factory_v1/demos/alpha_asi_world_model/alpha_asi_world_model_demo.py,252,252,weak-cryptography
MontrealAI/AGI-Alpha-Agent-v0,9,OpenAI_Codex,https://github.com/MontrealAI/AGI-Alpha-Agent-v0/pull/9,SECURITY_HOTSPOT,MEDIUM,Make sure that using this pseudorandom number generator is safe here.,PR_AGI-Alpha-Agent-v0_9:alpha_factory_v1/demos/alpha_asi_world_model/alpha_asi_world_model_demo.py,253,253,weak-cryptography
MontrealAI/AGI-Alpha-Agent-v0,9,OpenAI_Codex,https://github.com/MontrealAI/AGI-Alpha-Agent-v0/pull/9,SECURITY_HOTSPOT,MEDIUM,Make sure that using this pseudorandom number generator is safe here.,PR_AGI-Alpha-Agent-v0_9:alpha_factory_v1/demos/alpha_asi_world_model/alpha_asi_world_model_demo.py,276,276,weak-cryptography
MontrealAI/AGI-Alpha-Agent-v0,9,OpenAI_Codex,https://github.com/MontrealAI/AGI-Alpha-Agent-v0/pull/9,SECURITY_HOTSPOT,MEDIUM,Make sure that using this pseudorandom number generator is safe here.,PR_AGI-Alpha-Agent-v0_9:alpha_factory_v1/demos/alpha_asi_world_model/alpha_asi_world_model_demo.py,289,289,weak-cryptography
MontrealAI/AGI-Alpha-Agent-v0,9,OpenAI_Codex,https://github.com/MontrealAI/AGI-Alpha-Agent-v0/pull/9,SECURITY_HOTSPOT,MEDIUM,Make sure that using this pseudorandom number generator is safe here.,PR_AGI-Alpha-Agent-v0_9:alpha_factory_v1/demos/alpha_asi_world_model/alpha_asi_world_model_demo_v4.py,270,270,weak-cryptography
MontrealAI/AGI-Alpha-Agent-v0,9,OpenAI_Codex,https://github.com/MontrealAI/AGI-Alpha-Agent-v0/pull/9,SECURITY_HOTSPOT,MEDIUM,Make sure that using this pseudorandom number generator is safe here.,PR_AGI-Alpha-Agent-v0_9:alpha_factory_v1/demos/alpha_asi_world_model/alpha_asi_world_model_demo_v4.py,271,271,weak-cryptography
MontrealAI/AGI-Alpha-Agent-v0,9,OpenAI_Codex,https://github.com/MontrealAI/AGI-Alpha-Agent-v0/pull/9,SECURITY_HOTSPOT,MEDIUM,Make sure that using this pseudorandom number generator is safe here.,PR_AGI-Alpha-Agent-v0_9:alpha_factory_v1/demos/alpha_asi_world_model/alpha_asi_world_model_demo_v4.py,271,271,weak-cryptography
MontrealAI/AGI-Alpha-Agent-v0,9,OpenAI_Codex,https://github.com/MontrealAI/AGI-Alpha-Agent-v0/pull/9,SECURITY_HOTSPOT,MEDIUM,Make sure that using this pseudorandom number generator is safe here.,PR_AGI-Alpha-Agent-v0_9:alpha_factory_v1/demos/alpha_asi_world_model/alpha_asi_world_model_demo_v4.py,271,271,weak-cryptography
MontrealAI/AGI-Alpha-Agent-v0,9,OpenAI_Codex,https://github.com/MontrealAI/AGI-Alpha-Agent-v0/pull/9,SECURITY_HOTSPOT,MEDIUM,Make sure that using this pseudorandom number generator is safe here.,PR_AGI-Alpha-Agent-v0_9:alpha_factory_v1/demos/alpha_asi_world_model/alpha_asi_world_model_demo_v4.py,288,288,weak-cryptography
MontrealAI/AGI-Alpha-Agent-v0,9,OpenAI_Codex,https://github.com/MontrealAI/AGI-Alpha-Agent-v0/pull/9,SECURITY_HOTSPOT,MEDIUM,Make sure that using this pseudorandom number generator is safe here.,PR_AGI-Alpha-Agent-v0_9:alpha_factory_v1/demos/alpha_asi_world_model/alpha_asi_world_model_demo_v4.py,289,289,weak-cryptography
MontrealAI/AGI-Alpha-Agent-v0,9,OpenAI_Codex,https://github.com/MontrealAI/AGI-Alpha-Agent-v0/pull/9,SECURITY_HOTSPOT,MEDIUM,Make sure that using this pseudorandom number generator is safe here.,PR_AGI-Alpha-Agent-v0_9:alpha_factory_v1/demos/alpha_asi_world_model/alpha_asi_world_model_demo_v4.py,299,299,weak-cryptography
MontrealAI/AGI-Alpha-Agent-v0,9,OpenAI_Codex,https://github.com/MontrealAI/AGI-Alpha-Agent-v0/pull/9,SECURITY_HOTSPOT,LOW,Make sure that this logger's configuration is safe.,PR_AGI-Alpha-Agent-v0_9:alpha_factory_v1/demos/alpha_asi_world_model/alpha_asi_world_model_demo_v4.py,46,50,log-injection
MontrealAI/AGI-Alpha-Agent-v0,9,OpenAI_Codex,https://github.com/MontrealAI/AGI-Alpha-Agent-v0/pull/9,SECURITY_HOTSPOT,LOW,Make sure that this logger's configuration is safe.,PR_AGI-Alpha-Agent-v0_9:alpha_factory_v1/demos/meta_agentic_agi/agents/agent_base.py,44,44,log-injection
MontrealAI/AGI-Alpha-Agent-v0,9,OpenAI_Codex,https://github.com/MontrealAI/AGI-Alpha-Agent-v0/pull/9,SECURITY_HOTSPOT,LOW,Make sure that this logger's configuration is safe.,PR_AGI-Alpha-Agent-v0_9:alpha_factory_v1/demos/meta_agentic_agi_v2/agents/agent_base.py,44,44,log-injection
MontrealAI/AGI-Alpha-Agent-v0,9,OpenAI_Codex,https://github.com/MontrealAI/AGI-Alpha-Agent-v0/pull/9,SECURITY_HOTSPOT,LOW,Make sure that this logger's configuration is safe.,PR_AGI-Alpha-Agent-v0_9:alpha_factory_v1/demos/meta_agentic_agi_v3/agents/agent_base.py,44,44,log-injection
MontrealAI/AGI-Alpha-Agent-v0,9,OpenAI_Codex,https://github.com/MontrealAI/AGI-Alpha-Agent-v0/pull/9,SECURITY_HOTSPOT,HIGH,Make sure disabling CSRF protection is safe here.,PR_AGI-Alpha-Agent-v0_9:alpha_factory_v1/demos/meta_agentic_agi/agents/agent_base.py,283,283,csrf
MontrealAI/AGI-Alpha-Agent-v0,9,OpenAI_Codex,https://github.com/MontrealAI/AGI-Alpha-Agent-v0/pull/9,SECURITY_HOTSPOT,HIGH,Make sure disabling CSRF protection is safe here.,PR_AGI-Alpha-Agent-v0_9:alpha_factory_v1/demos/meta_agentic_agi_v2/agents/agent_base.py,283,283,csrf
MontrealAI/AGI-Alpha-Agent-v0,9,OpenAI_Codex,https://github.com/MontrealAI/AGI-Alpha-Agent-v0/pull/9,SECURITY_HOTSPOT,HIGH,Make sure disabling CSRF protection is safe here.,PR_AGI-Alpha-Agent-v0_9:alpha_factory_v1/demos/meta_agentic_agi_v3/agents/agent_base.py,283,283,csrf
MontrealAI/AGI-Alpha-Agent-v0,9,OpenAI_Codex,https://github.com/MontrealAI/AGI-Alpha-Agent-v0/pull/9,SECURITY_HOTSPOT,MEDIUM,Make sure that using this pseudorandom number generator is safe here.,PR_AGI-Alpha-Agent-v0_9:alpha_factory_v1/demos/alpha_asi_world_model/alpha_asi_world_model_demo.py,250,250,weak-cryptography
MontrealAI/AGI-Alpha-Agent-v0,9,OpenAI_Codex,https://github.com/MontrealAI/AGI-Alpha-Agent-v0/pull/9,SECURITY_HOTSPOT,MEDIUM,Make sure that using this pseudorandom number generator is safe here.,PR_AGI-Alpha-Agent-v0_9:alpha_factory_v1/demos/alpha_asi_world_model/alpha_asi_world_model_demo.py,252,252,weak-cryptography
MontrealAI/AGI-Alpha-Agent-v0,9,OpenAI_Codex,https://github.com/MontrealAI/AGI-Alpha-Agent-v0/pull/9,SECURITY_HOTSPOT,MEDIUM,Make sure that using this pseudorandom number generator is safe here.,PR_AGI-Alpha-Agent-v0_9:alpha_factory_v1/demos/alpha_asi_world_model/alpha_asi_world_model_demo.py,252,252,weak-cryptography
MontrealAI/AGI-Alpha-Agent-v0,9,OpenAI_Codex,https://github.com/MontrealAI/AGI-Alpha-Agent-v0/pull/9,SECURITY_HOTSPOT,MEDIUM,Make sure that using this pseudorandom number generator is safe here.,PR_AGI-Alpha-Agent-v0_9:alpha_factory_v1/demos/alpha_asi_world_model/alpha_asi_world_model_demo.py,253,253,weak-cryptography
MontrealAI/AGI-Alpha-Agent-v0,9,OpenAI_Codex,https://github.com/MontrealAI/AGI-Alpha-Agent-v0/pull/9,SECURITY_HOTSPOT,MEDIUM,Make sure that using this pseudorandom number generator is safe here.,PR_AGI-Alpha-Agent-v0_9:alpha_factory_v1/demos/alpha_asi_world_model/alpha_asi_world_model_demo.py,276,276,weak-cryptography
MontrealAI/AGI-Alpha-Agent-v0,9,OpenAI_Codex,https://github.com/MontrealAI/AGI-Alpha-Agent-v0/pull/9,SECURITY_HOTSPOT,MEDIUM,Make sure that using this pseudorandom number generator is safe here.,PR_AGI-Alpha-Agent-v0_9:alpha_factory_v1/demos/alpha_asi_world_model/alpha_asi_world_model_demo.py,289,289,weak-cryptography
MontrealAI/AGI-Alpha-Agent-v0,9,OpenAI_Codex,https://github.com/MontrealAI/AGI-Alpha-Agent-v0/pull/9,SECURITY_HOTSPOT,MEDIUM,Make sure that using this pseudorandom number generator is safe here.,PR_AGI-Alpha-Agent-v0_9:alpha_factory_v1/demos/alpha_asi_world_model/alpha_asi_world_model_demo_v4.py,270,270,weak-cryptography
MontrealAI/AGI-Alpha-Agent-v0,9,OpenAI_Codex,https://github.com/MontrealAI/AGI-Alpha-Agent-v0/pull/9,SECURITY_HOTSPOT,MEDIUM,Make sure that using this pseudorandom number generator is safe here.,PR_AGI-Alpha-Agent-v0_9:alpha_factory_v1/demos/alpha_asi_world_model/alpha_asi_world_model_demo_v4.py,271,271,weak-cryptography
MontrealAI/AGI-Alpha-Agent-v0,9,OpenAI_Codex,https://github.com/MontrealAI/AGI-Alpha-Agent-v0/pull/9,SECURITY_HOTSPOT,MEDIUM,Make sure that using this pseudorandom number generator is safe here.,PR_AGI-Alpha-Agent-v0_9:alpha_factory_v1/demos/alpha_asi_world_model/alpha_asi_world_model_demo_v4.py,271,271,weak-cryptography
MontrealAI/AGI-Alpha-Agent-v0,9,OpenAI_Codex,https://github.com/MontrealAI/AGI-Alpha-Agent-v0/pull/9,SECURITY_HOTSPOT,MEDIUM,Make sure that using this pseudorandom number generator is safe here.,PR_AGI-Alpha-Agent-v0_9:alpha_factory_v1/demos/alpha_asi_world_model/alpha_asi_world_model_demo_v4.py,271,271,weak-cryptography
MontrealAI/AGI-Alpha-Agent-v0,9,OpenAI_Codex,https://github.com/MontrealAI/AGI-Alpha-Agent-v0/pull/9,SECURITY_HOTSPOT,MEDIUM,Make sure that using this pseudorandom number generator is safe here.,PR_AGI-Alpha-Agent-v0_9:alpha_factory_v1/demos/alpha_asi_world_model/alpha_asi_world_model_demo_v4.py,288,288,weak-cryptography
MontrealAI/AGI-Alpha-Agent-v0,9,OpenAI_Codex,https://github.com/MontrealAI/AGI-Alpha-Agent-v0/pull/9,SECURITY_HOTSPOT,MEDIUM,Make sure that using this pseudorandom number generator is safe here.,PR_AGI-Alpha-Agent-v0_9:alpha_factory_v1/demos/alpha_asi_world_model/alpha_asi_world_model_demo_v4.py,289,289,weak-cryptography
MontrealAI/AGI-Alpha-Agent-v0,9,OpenAI_Codex,https://github.com/MontrealAI/AGI-Alpha-Agent-v0/pull/9,SECURITY_HOTSPOT,MEDIUM,Make sure that using this pseudorandom number generator is safe here.,PR_AGI-Alpha-Agent-v0_9:alpha_factory_v1/demos/alpha_asi_world_model/alpha_asi_world_model_demo_v4.py,299,299,weak-cryptography
MontrealAI/AGI-Alpha-Agent-v0,9,OpenAI_Codex,https://github.com/MontrealAI/AGI-Alpha-Agent-v0/pull/9,SECURITY_HOTSPOT,LOW,Make sure that this logger's configuration is safe.,PR_AGI-Alpha-Agent-v0_9:alpha_factory_v1/demos/alpha_asi_world_model/alpha_asi_world_model_demo_v4.py,46,50,log-injection
MontrealAI/AGI-Alpha-Agent-v0,9,OpenAI_Codex,https://github.com/MontrealAI/AGI-Alpha-Agent-v0/pull/9,SECURITY_HOTSPOT,LOW,Make sure that this logger's configuration is safe.,PR_AGI-Alpha-Agent-v0_9:alpha_factory_v1/demos/meta_agentic_agi/agents/agent_base.py,44,44,log-injection
MontrealAI/AGI-Alpha-Agent-v0,9,OpenAI_Codex,https://github.com/MontrealAI/AGI-Alpha-Agent-v0/pull/9,SECURITY_HOTSPOT,LOW,Make sure that this logger's configuration is safe.,PR_AGI-Alpha-Agent-v0_9:alpha_factory_v1/demos/meta_agentic_agi_v2/agents/agent_base.py,44,44,log-injection
MontrealAI/AGI-Alpha-Agent-v0,9,OpenAI_Codex,https://github.com/MontrealAI/AGI-Alpha-Agent-v0/pull/9,SECURITY_HOTSPOT,LOW,Make sure that this logger's configuration is safe.,PR_AGI-Alpha-Agent-v0_9:alpha_factory_v1/demos/meta_agentic_agi_v3/agents/agent_base.py,44,44,log-injection
MontrealAI/AGI-Alpha-Agent-v0,9,OpenAI_Codex,https://github.com/MontrealAI/AGI-Alpha-Agent-v0/pull/9,SECURITY_HOTSPOT,HIGH,Make sure disabling CSRF protection is safe here.,PR_AGI-Alpha-Agent-v0_9:alpha_factory_v1/demos/meta_agentic_agi/agents/agent_base.py,283,283,csrf
MontrealAI/AGI-Alpha-Agent-v0,9,OpenAI_Codex,https://github.com/MontrealAI/AGI-Alpha-Agent-v0/pull/9,SECURITY_HOTSPOT,HIGH,Make sure disabling CSRF protection is safe here.,PR_AGI-Alpha-Agent-v0_9:alpha_factory_v1/demos/meta_agentic_agi_v2/agents/agent_base.py,283,283,csrf
MontrealAI/AGI-Alpha-Agent-v0,9,OpenAI_Codex,https://github.com/MontrealAI/AGI-Alpha-Agent-v0/pull/9,SECURITY_HOTSPOT,HIGH,Make sure disabling CSRF protection is safe here.,PR_AGI-Alpha-Agent-v0_9:alpha_factory_v1/demos/meta_agentic_agi_v3/agents/agent_base.py,283,283,csrf
MontrealAI/AGI-Alpha-Agent-v0,9,OpenAI_Codex,https://github.com/MontrealAI/AGI-Alpha-Agent-v0/pull/9,SECURITY_HOTSPOT,MEDIUM,Make sure that using this pseudorandom number generator is safe here.,PR_AGI-Alpha-Agent-v0_9:alpha_factory_v1/demos/alpha_asi_world_model/alpha_asi_world_model_demo.py,250,250,weak-cryptography
MontrealAI/AGI-Alpha-Agent-v0,9,OpenAI_Codex,https://github.com/MontrealAI/AGI-Alpha-Agent-v0/pull/9,SECURITY_HOTSPOT,MEDIUM,Make sure that using this pseudorandom number generator is safe here.,PR_AGI-Alpha-Agent-v0_9:alpha_factory_v1/demos/alpha_asi_world_model/alpha_asi_world_model_demo.py,252,252,weak-cryptography
MontrealAI/AGI-Alpha-Agent-v0,9,OpenAI_Codex,https://github.com/MontrealAI/AGI-Alpha-Agent-v0/pull/9,SECURITY_HOTSPOT,MEDIUM,Make sure that using this pseudorandom number generator is safe here.,PR_AGI-Alpha-Agent-v0_9:alpha_factory_v1/demos/alpha_asi_world_model/alpha_asi_world_model_demo.py,252,252,weak-cryptography
MontrealAI/AGI-Alpha-Agent-v0,9,OpenAI_Codex,https://github.com/MontrealAI/AGI-Alpha-Agent-v0/pull/9,SECURITY_HOTSPOT,MEDIUM,Make sure that using this pseudorandom number generator is safe here.,PR_AGI-Alpha-Agent-v0_9:alpha_factory_v1/demos/alpha_asi_world_model/alpha_asi_world_model_demo.py,253,253,weak-cryptography
MontrealAI/AGI-Alpha-Agent-v0,9,OpenAI_Codex,https://github.com/MontrealAI/AGI-Alpha-Agent-v0/pull/9,SECURITY_HOTSPOT,MEDIUM,Make sure that using this pseudorandom number generator is safe here.,PR_AGI-Alpha-Agent-v0_9:alpha_factory_v1/demos/alpha_asi_world_model/alpha_asi_world_model_demo.py,276,276,weak-cryptography
MontrealAI/AGI-Alpha-Agent-v0,9,OpenAI_Codex,https://github.com/MontrealAI/AGI-Alpha-Agent-v0/pull/9,SECURITY_HOTSPOT,MEDIUM,Make sure that using this pseudorandom number generator is safe here.,PR_AGI-Alpha-Agent-v0_9:alpha_factory_v1/demos/alpha_asi_world_model/alpha_asi_world_model_demo.py,289,289,weak-cryptography
MontrealAI/AGI-Alpha-Agent-v0,9,OpenAI_Codex,https://github.com/MontrealAI/AGI-Alpha-Agent-v0/pull/9,SECURITY_HOTSPOT,MEDIUM,Make sure that using this pseudorandom number generator is safe here.,PR_AGI-Alpha-Agent-v0_9:alpha_factory_v1/demos/alpha_asi_world_model/alpha_asi_world_model_demo_v4.py,270,270,weak-cryptography
MontrealAI/AGI-Alpha-Agent-v0,9,OpenAI_Codex,https://github.com/MontrealAI/AGI-Alpha-Agent-v0/pull/9,SECURITY_HOTSPOT,MEDIUM,Make sure that using this pseudorandom number generator is safe here.,PR_AGI-Alpha-Agent-v0_9:alpha_factory_v1/demos/alpha_asi_world_model/alpha_asi_world_model_demo_v4.py,271,271,weak-cryptography
MontrealAI/AGI-Alpha-Agent-v0,9,OpenAI_Codex,https://github.com/MontrealAI/AGI-Alpha-Agent-v0/pull/9,SECURITY_HOTSPOT,MEDIUM,Make sure that using this pseudorandom number generator is safe here.,PR_AGI-Alpha-Agent-v0_9:alpha_factory_v1/demos/alpha_asi_world_model/alpha_asi_world_model_demo_v4.py,271,271,weak-cryptography
MontrealAI/AGI-Alpha-Agent-v0,9,OpenAI_Codex,https://github.com/MontrealAI/AGI-Alpha-Agent-v0/pull/9,SECURITY_HOTSPOT,MEDIUM,Make sure that using this pseudorandom number generator is safe here.,PR_AGI-Alpha-Agent-v0_9:alpha_factory_v1/demos/alpha_asi_world_model/alpha_asi_world_model_demo_v4.py,271,271,weak-cryptography
MontrealAI/AGI-Alpha-Agent-v0,9,OpenAI_Codex,https://github.com/MontrealAI/AGI-Alpha-Agent-v0/pull/9,SECURITY_HOTSPOT,MEDIUM,Make sure that using this pseudorandom number generator is safe here.,PR_AGI-Alpha-Agent-v0_9:alpha_factory_v1/demos/alpha_asi_world_model/alpha_asi_world_model_demo_v4.py,288,288,weak-cryptography
MontrealAI/AGI-Alpha-Agent-v0,9,OpenAI_Codex,https://github.com/MontrealAI/AGI-Alpha-Agent-v0/pull/9,SECURITY_HOTSPOT,MEDIUM,Make sure that using this pseudorandom number generator is safe here.,PR_AGI-Alpha-Agent-v0_9:alpha_factory_v1/demos/alpha_asi_world_model/alpha_asi_world_model_demo_v4.py,289,289,weak-cryptography
MontrealAI/AGI-Alpha-Agent-v0,9,OpenAI_Codex,https://github.com/MontrealAI/AGI-Alpha-Agent-v0/pull/9,SECURITY_HOTSPOT,MEDIUM,Make sure that using this pseudorandom number generator is safe here.,PR_AGI-Alpha-Agent-v0_9:alpha_factory_v1/demos/alpha_asi_world_model/alpha_asi_world_model_demo_v4.py,299,299,weak-cryptography
MontrealAI/AGI-Alpha-Agent-v0,9,OpenAI_Codex,https://github.com/MontrealAI/AGI-Alpha-Agent-v0/pull/9,SECURITY_HOTSPOT,LOW,Make sure that this logger's configuration is safe.,PR_AGI-Alpha-Agent-v0_9:alpha_factory_v1/demos/alpha_asi_world_model/alpha_asi_world_model_demo_v4.py,46,50,log-injection
MontrealAI/AGI-Alpha-Agent-v0,9,OpenAI_Codex,https://github.com/MontrealAI/AGI-Alpha-Agent-v0/pull/9,SECURITY_HOTSPOT,LOW,Make sure that this logger's configuration is safe.,PR_AGI-Alpha-Agent-v0_9:alpha_factory_v1/demos/meta_agentic_agi/agents/agent_base.py,44,44,log-injection
MontrealAI/AGI-Alpha-Agent-v0,9,OpenAI_Codex,https://github.com/MontrealAI/AGI-Alpha-Agent-v0/pull/9,SECURITY_HOTSPOT,LOW,Make sure that this logger's configuration is safe.,PR_AGI-Alpha-Agent-v0_9:alpha_factory_v1/demos/meta_agentic_agi_v2/agents/agent_base.py,44,44,log-injection
MontrealAI/AGI-Alpha-Agent-v0,9,OpenAI_Codex,https://github.com/MontrealAI/AGI-Alpha-Agent-v0/pull/9,SECURITY_HOTSPOT,LOW,Make sure that this logger's configuration is safe.,PR_AGI-Alpha-Agent-v0_9:alpha_factory_v1/demos/meta_agentic_agi_v3/agents/agent_base.py,44,44,log-injection
MontrealAI/AGI-Alpha-Agent-v0,9,OpenAI_Codex,https://github.com/MontrealAI/AGI-Alpha-Agent-v0/pull/9,SECURITY_HOTSPOT,HIGH,Make sure disabling CSRF protection is safe here.,PR_AGI-Alpha-Agent-v0_9:alpha_factory_v1/demos/meta_agentic_agi/agents/agent_base.py,283,283,csrf
MontrealAI/AGI-Alpha-Agent-v0,9,OpenAI_Codex,https://github.com/MontrealAI/AGI-Alpha-Agent-v0/pull/9,SECURITY_HOTSPOT,HIGH,Make sure disabling CSRF protection is safe here.,PR_AGI-Alpha-Agent-v0_9:alpha_factory_v1/demos/meta_agentic_agi_v2/agents/agent_base.py,283,283,csrf
MontrealAI/AGI-Alpha-Agent-v0,9,OpenAI_Codex,https://github.com/MontrealAI/AGI-Alpha-Agent-v0/pull/9,SECURITY_HOTSPOT,HIGH,Make sure disabling CSRF protection is safe here.,PR_AGI-Alpha-Agent-v0_9:alpha_factory_v1/demos/meta_agentic_agi_v3/agents/agent_base.py,283,283,csrf
MontrealAI/AGI-Alpha-Agent-v0,9,OpenAI_Codex,https://github.com/MontrealAI/AGI-Alpha-Agent-v0/pull/9,SECURITY_HOTSPOT,MEDIUM,Make sure that using this pseudorandom number generator is safe here.,PR_AGI-Alpha-Agent-v0_9:alpha_factory_v1/demos/alpha_asi_world_model/alpha_asi_world_model_demo.py,250,250,weak-cryptography
MontrealAI/AGI-Alpha-Agent-v0,9,OpenAI_Codex,https://github.com/MontrealAI/AGI-Alpha-Agent-v0/pull/9,SECURITY_HOTSPOT,MEDIUM,Make sure that using this pseudorandom number generator is safe here.,PR_AGI-Alpha-Agent-v0_9:alpha_factory_v1/demos/alpha_asi_world_model/alpha_asi_world_model_demo.py,252,252,weak-cryptography
MontrealAI/AGI-Alpha-Agent-v0,9,OpenAI_Codex,https://github.com/MontrealAI/AGI-Alpha-Agent-v0/pull/9,SECURITY_HOTSPOT,MEDIUM,Make sure that using this pseudorandom number generator is safe here.,PR_AGI-Alpha-Agent-v0_9:alpha_factory_v1/demos/alpha_asi_world_model/alpha_asi_world_model_demo.py,252,252,weak-cryptography
MontrealAI/AGI-Alpha-Agent-v0,9,OpenAI_Codex,https://github.com/MontrealAI/AGI-Alpha-Agent-v0/pull/9,SECURITY_HOTSPOT,MEDIUM,Make sure that using this pseudorandom number generator is safe here.,PR_AGI-Alpha-Agent-v0_9:alpha_factory_v1/demos/alpha_asi_world_model/alpha_asi_world_model_demo.py,253,253,weak-cryptography
MontrealAI/AGI-Alpha-Agent-v0,9,OpenAI_Codex,https://github.com/MontrealAI/AGI-Alpha-Agent-v0/pull/9,SECURITY_HOTSPOT,MEDIUM,Make sure that using this pseudorandom number generator is safe here.,PR_AGI-Alpha-Agent-v0_9:alpha_factory_v1/demos/alpha_asi_world_model/alpha_asi_world_model_demo.py,276,276,weak-cryptography
MontrealAI/AGI-Alpha-Agent-v0,9,OpenAI_Codex,https://github.com/MontrealAI/AGI-Alpha-Agent-v0/pull/9,SECURITY_HOTSPOT,MEDIUM,Make sure that using this pseudorandom number generator is safe here.,PR_AGI-Alpha-Agent-v0_9:alpha_factory_v1/demos/alpha_asi_world_model/alpha_asi_world_model_demo.py,289,289,weak-cryptography
MontrealAI/AGI-Alpha-Agent-v0,9,OpenAI_Codex,https://github.com/MontrealAI/AGI-Alpha-Agent-v0/pull/9,SECURITY_HOTSPOT,MEDIUM,Make sure that using this pseudorandom number generator is safe here.,PR_AGI-Alpha-Agent-v0_9:alpha_factory_v1/demos/alpha_asi_world_model/alpha_asi_world_model_demo_v4.py,270,270,weak-cryptography
MontrealAI/AGI-Alpha-Agent-v0,9,OpenAI_Codex,https://github.com/MontrealAI/AGI-Alpha-Agent-v0/pull/9,SECURITY_HOTSPOT,MEDIUM,Make sure that using this pseudorandom number generator is safe here.,PR_AGI-Alpha-Agent-v0_9:alpha_factory_v1/demos/alpha_asi_world_model/alpha_asi_world_model_demo_v4.py,271,271,weak-cryptography
MontrealAI/AGI-Alpha-Agent-v0,9,OpenAI_Codex,https://github.com/MontrealAI/AGI-Alpha-Agent-v0/pull/9,SECURITY_HOTSPOT,MEDIUM,Make sure that using this pseudorandom number generator is safe here.,PR_AGI-Alpha-Agent-v0_9:alpha_factory_v1/demos/alpha_asi_world_model/alpha_asi_world_model_demo_v4.py,271,271,weak-cryptography
MontrealAI/AGI-Alpha-Agent-v0,9,OpenAI_Codex,https://github.com/MontrealAI/AGI-Alpha-Agent-v0/pull/9,SECURITY_HOTSPOT,MEDIUM,Make sure that using this pseudorandom number generator is safe here.,PR_AGI-Alpha-Agent-v0_9:alpha_factory_v1/demos/alpha_asi_world_model/alpha_asi_world_model_demo_v4.py,271,271,weak-cryptography
MontrealAI/AGI-Alpha-Agent-v0,9,OpenAI_Codex,https://github.com/MontrealAI/AGI-Alpha-Agent-v0/pull/9,SECURITY_HOTSPOT,MEDIUM,Make sure that using this pseudorandom number generator is safe here.,PR_AGI-Alpha-Agent-v0_9:alpha_factory_v1/demos/alpha_asi_world_model/alpha_asi_world_model_demo_v4.py,288,288,weak-cryptography
MontrealAI/AGI-Alpha-Agent-v0,9,OpenAI_Codex,https://github.com/MontrealAI/AGI-Alpha-Agent-v0/pull/9,SECURITY_HOTSPOT,MEDIUM,Make sure that using this pseudorandom number generator is safe here.,PR_AGI-Alpha-Agent-v0_9:alpha_factory_v1/demos/alpha_asi_world_model/alpha_asi_world_model_demo_v4.py,289,289,weak-cryptography
MontrealAI/AGI-Alpha-Agent-v0,9,OpenAI_Codex,https://github.com/MontrealAI/AGI-Alpha-Agent-v0/pull/9,SECURITY_HOTSPOT,MEDIUM,Make sure that using this pseudorandom number generator is safe here.,PR_AGI-Alpha-Agent-v0_9:alpha_factory_v1/demos/alpha_asi_world_model/alpha_asi_world_model_demo_v4.py,299,299,weak-cryptography
MontrealAI/AGI-Alpha-Agent-v0,9,OpenAI_Codex,https://github.com/MontrealAI/AGI-Alpha-Agent-v0/pull/9,SECURITY_HOTSPOT,LOW,Make sure that this logger's configuration is safe.,PR_AGI-Alpha-Agent-v0_9:alpha_factory_v1/demos/alpha_asi_world_model/alpha_asi_world_model_demo_v4.py,46,50,log-injection
MontrealAI/AGI-Alpha-Agent-v0,9,OpenAI_Codex,https://github.com/MontrealAI/AGI-Alpha-Agent-v0/pull/9,SECURITY_HOTSPOT,LOW,Make sure that this logger's configuration is safe.,PR_AGI-Alpha-Agent-v0_9:alpha_factory_v1/demos/meta_agentic_agi/agents/agent_base.py,44,44,log-injection
MontrealAI/AGI-Alpha-Agent-v0,9,OpenAI_Codex,https://github.com/MontrealAI/AGI-Alpha-Agent-v0/pull/9,SECURITY_HOTSPOT,LOW,Make sure that this logger's configuration is safe.,PR_AGI-Alpha-Agent-v0_9:alpha_factory_v1/demos/meta_agentic_agi_v2/agents/agent_base.py,44,44,log-injection
MontrealAI/AGI-Alpha-Agent-v0,9,OpenAI_Codex,https://github.com/MontrealAI/AGI-Alpha-Agent-v0/pull/9,SECURITY_HOTSPOT,LOW,Make sure that this logger's configuration is safe.,PR_AGI-Alpha-Agent-v0_9:alpha_factory_v1/demos/meta_agentic_agi_v3/agents/agent_base.py,44,44,log-injection
MontrealAI/AGI-Alpha-Agent-v0,9,OpenAI_Codex,https://github.com/MontrealAI/AGI-Alpha-Agent-v0/pull/9,SECURITY_HOTSPOT,HIGH,Make sure disabling CSRF protection is safe here.,PR_AGI-Alpha-Agent-v0_9:alpha_factory_v1/demos/meta_agentic_agi/agents/agent_base.py,283,283,csrf
MontrealAI/AGI-Alpha-Agent-v0,9,OpenAI_Codex,https://github.com/MontrealAI/AGI-Alpha-Agent-v0/pull/9,SECURITY_HOTSPOT,HIGH,Make sure disabling CSRF protection is safe here.,PR_AGI-Alpha-Agent-v0_9:alpha_factory_v1/demos/meta_agentic_agi_v2/agents/agent_base.py,283,283,csrf
MontrealAI/AGI-Alpha-Agent-v0,9,OpenAI_Codex,https://github.com/MontrealAI/AGI-Alpha-Agent-v0/pull/9,SECURITY_HOTSPOT,HIGH,Make sure disabling CSRF protection is safe here.,PR_AGI-Alpha-Agent-v0_9:alpha_factory_v1/demos/meta_agentic_agi_v3/agents/agent_base.py,283,283,csrf
MontrealAI/AGI-Alpha-Agent-v0,9,OpenAI_Codex,https://github.com/MontrealAI/AGI-Alpha-Agent-v0/pull/9,SECURITY_HOTSPOT,MEDIUM,Make sure that using this pseudorandom number generator is safe here.,PR_AGI-Alpha-Agent-v0_9:alpha_factory_v1/demos/alpha_asi_world_model/alpha_asi_world_model_demo.py,250,250,weak-cryptography
MontrealAI/AGI-Alpha-Agent-v0,9,OpenAI_Codex,https://github.com/MontrealAI/AGI-Alpha-Agent-v0/pull/9,SECURITY_HOTSPOT,MEDIUM,Make sure that using this pseudorandom number generator is safe here.,PR_AGI-Alpha-Agent-v0_9:alpha_factory_v1/demos/alpha_asi_world_model/alpha_asi_world_model_demo.py,252,252,weak-cryptography
MontrealAI/AGI-Alpha-Agent-v0,9,OpenAI_Codex,https://github.com/MontrealAI/AGI-Alpha-Agent-v0/pull/9,SECURITY_HOTSPOT,MEDIUM,Make sure that using this pseudorandom number generator is safe here.,PR_AGI-Alpha-Agent-v0_9:alpha_factory_v1/demos/alpha_asi_world_model/alpha_asi_world_model_demo.py,252,252,weak-cryptography
MontrealAI/AGI-Alpha-Agent-v0,9,OpenAI_Codex,https://github.com/MontrealAI/AGI-Alpha-Agent-v0/pull/9,SECURITY_HOTSPOT,MEDIUM,Make sure that using this pseudorandom number generator is safe here.,PR_AGI-Alpha-Agent-v0_9:alpha_factory_v1/demos/alpha_asi_world_model/alpha_asi_world_model_demo.py,253,253,weak-cryptography
MontrealAI/AGI-Alpha-Agent-v0,9,OpenAI_Codex,https://github.com/MontrealAI/AGI-Alpha-Agent-v0/pull/9,SECURITY_HOTSPOT,MEDIUM,Make sure that using this pseudorandom number generator is safe here.,PR_AGI-Alpha-Agent-v0_9:alpha_factory_v1/demos/alpha_asi_world_model/alpha_asi_world_model_demo.py,276,276,weak-cryptography
MontrealAI/AGI-Alpha-Agent-v0,9,OpenAI_Codex,https://github.com/MontrealAI/AGI-Alpha-Agent-v0/pull/9,SECURITY_HOTSPOT,MEDIUM,Make sure that using this pseudorandom number generator is safe here.,PR_AGI-Alpha-Agent-v0_9:alpha_factory_v1/demos/alpha_asi_world_model/alpha_asi_world_model_demo.py,289,289,weak-cryptography
MontrealAI/AGI-Alpha-Agent-v0,9,OpenAI_Codex,https://github.com/MontrealAI/AGI-Alpha-Agent-v0/pull/9,SECURITY_HOTSPOT,MEDIUM,Make sure that using this pseudorandom number generator is safe here.,PR_AGI-Alpha-Agent-v0_9:alpha_factory_v1/demos/alpha_asi_world_model/alpha_asi_world_model_demo_v4.py,270,270,weak-cryptography
MontrealAI/AGI-Alpha-Agent-v0,9,OpenAI_Codex,https://github.com/MontrealAI/AGI-Alpha-Agent-v0/pull/9,SECURITY_HOTSPOT,MEDIUM,Make sure that using this pseudorandom number generator is safe here.,PR_AGI-Alpha-Agent-v0_9:alpha_factory_v1/demos/alpha_asi_world_model/alpha_asi_world_model_demo_v4.py,271,271,weak-cryptography
MontrealAI/AGI-Alpha-Agent-v0,9,OpenAI_Codex,https://github.com/MontrealAI/AGI-Alpha-Agent-v0/pull/9,SECURITY_HOTSPOT,MEDIUM,Make sure that using this pseudorandom number generator is safe here.,PR_AGI-Alpha-Agent-v0_9:alpha_factory_v1/demos/alpha_asi_world_model/alpha_asi_world_model_demo_v4.py,271,271,weak-cryptography
MontrealAI/AGI-Alpha-Agent-v0,9,OpenAI_Codex,https://github.com/MontrealAI/AGI-Alpha-Agent-v0/pull/9,SECURITY_HOTSPOT,MEDIUM,Make sure that using this pseudorandom number generator is safe here.,PR_AGI-Alpha-Agent-v0_9:alpha_factory_v1/demos/alpha_asi_world_model/alpha_asi_world_model_demo_v4.py,271,271,weak-cryptography
MontrealAI/AGI-Alpha-Agent-v0,9,OpenAI_Codex,https://github.com/MontrealAI/AGI-Alpha-Agent-v0/pull/9,SECURITY_HOTSPOT,MEDIUM,Make sure that using this pseudorandom number generator is safe here.,PR_AGI-Alpha-Agent-v0_9:alpha_factory_v1/demos/alpha_asi_world_model/alpha_asi_world_model_demo_v4.py,288,288,weak-cryptography
MontrealAI/AGI-Alpha-Agent-v0,9,OpenAI_Codex,https://github.com/MontrealAI/AGI-Alpha-Agent-v0/pull/9,SECURITY_HOTSPOT,MEDIUM,Make sure that using this pseudorandom number generator is safe here.,PR_AGI-Alpha-Agent-v0_9:alpha_factory_v1/demos/alpha_asi_world_model/alpha_asi_world_model_demo_v4.py,289,289,weak-cryptography
MontrealAI/AGI-Alpha-Agent-v0,9,OpenAI_Codex,https://github.com/MontrealAI/AGI-Alpha-Agent-v0/pull/9,SECURITY_HOTSPOT,MEDIUM,Make sure that using this pseudorandom number generator is safe here.,PR_AGI-Alpha-Agent-v0_9:alpha_factory_v1/demos/alpha_asi_world_model/alpha_asi_world_model_demo_v4.py,299,299,weak-cryptography
MontrealAI/AGI-Alpha-Agent-v0,9,OpenAI_Codex,https://github.com/MontrealAI/AGI-Alpha-Agent-v0/pull/9,SECURITY_HOTSPOT,LOW,Make sure that this logger's configuration is safe.,PR_AGI-Alpha-Agent-v0_9:alpha_factory_v1/demos/alpha_asi_world_model/alpha_asi_world_model_demo_v4.py,46,50,log-injection
MontrealAI/AGI-Alpha-Agent-v0,9,OpenAI_Codex,https://github.com/MontrealAI/AGI-Alpha-Agent-v0/pull/9,SECURITY_HOTSPOT,LOW,Make sure that this logger's configuration is safe.,PR_AGI-Alpha-Agent-v0_9:alpha_factory_v1/demos/meta_agentic_agi/agents/agent_base.py,44,44,log-injection
MontrealAI/AGI-Alpha-Agent-v0,9,OpenAI_Codex,https://github.com/MontrealAI/AGI-Alpha-Agent-v0/pull/9,SECURITY_HOTSPOT,LOW,Make sure that this logger's configuration is safe.,PR_AGI-Alpha-Agent-v0_9:alpha_factory_v1/demos/meta_agentic_agi_v2/agents/agent_base.py,44,44,log-injection
MontrealAI/AGI-Alpha-Agent-v0,9,OpenAI_Codex,https://github.com/MontrealAI/AGI-Alpha-Agent-v0/pull/9,SECURITY_HOTSPOT,LOW,Make sure that this logger's configuration is safe.,PR_AGI-Alpha-Agent-v0_9:alpha_factory_v1/demos/meta_agentic_agi_v3/agents/agent_base.py,44,44,log-injection
Blaizzy/mlx-vlm,361,OpenAI_Codex,https://github.com/Blaizzy/mlx-vlm/pull/361,SECURITY_HOTSPOT,LOW,Make sure publicly writable directories are used safely here.,PR_mlx-vlm_361:mlx_vlm/tests/test_utils.py,258,258,others
Blaizzy/mlx-vlm,361,OpenAI_Codex,https://github.com/Blaizzy/mlx-vlm/pull/361,SECURITY_HOTSPOT,LOW,Make sure publicly writable directories are used safely here.,PR_mlx-vlm_361:mlx_vlm/tests/test_utils.py,258,258,others
crewAIInc/crewAI,1814,Devin,https://github.com/crewAIInc/crewAI/pull/1814,SECURITY_HOTSPOT,LOW,Make sure publicly writable directories are used safely here.,PR_crewAI_1814:tests/task_test.py,722,722,others
crewAIInc/crewAI,1814,Devin,https://github.com/crewAIInc/crewAI/pull/1814,SECURITY_HOTSPOT,LOW,Make sure publicly writable directories are used safely here.,PR_crewAI_1814:tests/task_test.py,731,731,others
crewAIInc/crewAI,1814,Devin,https://github.com/crewAIInc/crewAI/pull/1814,SECURITY_HOTSPOT,LOW,Make sure publicly writable directories are used safely here.,PR_crewAI_1814:tests/task_test.py,739,739,others
crewAIInc/crewAI,1814,Devin,https://github.com/crewAIInc/crewAI/pull/1814,SECURITY_HOTSPOT,LOW,Make sure publicly writable directories are used safely here.,PR_crewAI_1814:tests/task_test.py,891,891,others
crewAIInc/crewAI,1814,Devin,https://github.com/crewAIInc/crewAI/pull/1814,SECURITY_HOTSPOT,LOW,Make sure publicly writable directories are used safely here.,PR_crewAI_1814:tests/task_test.py,722,722,others
crewAIInc/crewAI,1814,Devin,https://github.com/crewAIInc/crewAI/pull/1814,SECURITY_HOTSPOT,LOW,Make sure publicly writable directories are used safely here.,PR_crewAI_1814:tests/task_test.py,731,731,others
crewAIInc/crewAI,1814,Devin,https://github.com/crewAIInc/crewAI/pull/1814,SECURITY_HOTSPOT,LOW,Make sure publicly writable directories are used safely here.,PR_crewAI_1814:tests/task_test.py,739,739,others
crewAIInc/crewAI,1814,Devin,https://github.com/crewAIInc/crewAI/pull/1814,SECURITY_HOTSPOT,LOW,Make sure publicly writable directories are used safely here.,PR_crewAI_1814:tests/task_test.py,891,891,others
crewAIInc/crewAI,1814,Devin,https://github.com/crewAIInc/crewAI/pull/1814,SECURITY_HOTSPOT,LOW,Make sure publicly writable directories are used safely here.,PR_crewAI_1814:tests/task_test.py,722,722,others
crewAIInc/crewAI,1814,Devin,https://github.com/crewAIInc/crewAI/pull/1814,SECURITY_HOTSPOT,LOW,Make sure publicly writable directories are used safely here.,PR_crewAI_1814:tests/task_test.py,731,731,others
crewAIInc/crewAI,1814,Devin,https://github.com/crewAIInc/crewAI/pull/1814,SECURITY_HOTSPOT,LOW,Make sure publicly writable directories are used safely here.,PR_crewAI_1814:tests/task_test.py,739,739,others
crewAIInc/crewAI,1814,Devin,https://github.com/crewAIInc/crewAI/pull/1814,SECURITY_HOTSPOT,LOW,Make sure publicly writable directories are used safely here.,PR_crewAI_1814:tests/task_test.py,891,891,others
